fmg_trigger_rising_edges,insole_trigger_rising_edges,p95_relative_trigger_error_seconds,record,side,status,subject,sync_status
20,20,0.0105,jitu_1,L,,Sub01_A,trigger sequence synchronized
20,20,0.01,jitu_1,R,,Sub01_A,trigger sequence synchronized
20,20,0.01,jitu_21,L,,Sub01_A,trigger sequence synchronized
20,20,0.01,jitu_21,R,,Sub01_A,trigger sequence synchronized
36,36,0.01,abh_1,L,,Sub01_H,trigger sequence synchronized
36,36,0.01,abh_1,R,,Sub01_H,trigger sequence synchronized
42,44,,abh_21,L,,Sub01_H,trigger count mismatch 42 vs 44
42,44,,abh_21,R,,Sub01_H,trigger count mismatch 42 vs 44
24,24,0.0185,vipin_1,L,,Sub02_A,trigger sequence synchronized
24,24,0.0185,vipin_1,R,,Sub02_A,trigger sequence synchronized
20,20,0.02,vipin_21,L,,Sub02_A,trigger sequence synchronized
20,20,0.02,vipin_21,R,,Sub02_A,trigger sequence synchronized
40,40,0.0105,Alif_1,L,,Sub02_H,trigger sequence synchronized
40,40,0.01,Alif_1,R,,Sub02_H,trigger sequence synchronized
18,17,,Alif_21,L,,Sub02_H,trigger count mismatch 18 vs 17
18,18,0.02,Alif_21,R,,Sub02_H,trigger sequence synchronized
26,26,0.01,Alif_30,L,,Sub02_H,trigger sequence synchronized
26,26,0.02,Alif_30,R,,Sub02_H,trigger sequence synchronized
59,59,0.02,Amit_1,L,,Sub03_H,trigger sequence synchronized
59,59,0.01,Amit_1,R,,Sub03_H,trigger sequence synchronized
40,39,,Amit_21,L,,Sub03_H,trigger count mismatch 40 vs 39
40,40,0.02,Amit_21,R,,Sub03_H,trigger sequence synchronized
37,155,,ashu_1,L,,Sub04_H,trigger count mismatch 37 vs 155
37,39,,ashu_1,R,,Sub04_H,trigger count mismatch 37 vs 39
40,607,,ashu_21,L,,Sub04_H,trigger count mismatch 40 vs 607
40,40,0.2405,ashu_21,R,,Sub04_H,trigger sequence synchronized
40,40,0.01,sub_1,L,,Sub05_H,trigger sequence synchronized
40,40,0.01,sub_1,R,,Sub05_H,trigger sequence synchronized
40,39,,sub_21,L,,Sub05_H,trigger count mismatch 40 vs 39
40,40,0.0105,sub_21,R,,Sub05_H,trigger sequence synchronized
,,,Rishabh_1,both,no FMG trigger start,Sub06_H,
1,1,0.0,Rishabh_2,L,,Sub06_H,single trigger matched
1,1,0.0,Rishabh_2,R,,Sub06_H,single trigger matched
1,0,,Rishabh_3,L,,Sub06_H,missing trigger event
1,1,0.0,Rishabh_3,R,,Sub06_H,single trigger matched
1,1,0.0,Rishabh_4,L,,Sub06_H,single trigger matched
1,1,0.0,Rishabh_4,R,,Sub06_H,single trigger matched
,,,Rishabh_5,both,no FMG trigger start,Sub06_H,
,,,Rishabh_6,both,no FMG trigger start,Sub06_H,
1,1,0.0,Rishabh_7,L,,Sub06_H,single trigger matched
1,1,0.0,Rishabh_7,R,,Sub06_H,single trigger matched
,,,Rishabh_8,both,no FMG trigger start,Sub06_H,
1,0,,Rishabh_9,L,,Sub06_H,missing trigger event
1,1,0.0,Rishabh_9,R,,Sub06_H,single trigger matched
1,1,0.0,Rishabh_10,L,,Sub06_H,single trigger matched
1,1,0.0,Rishabh_10,R,,Sub06_H,single trigger matched
1,0,,Rishabh_11,L,,Sub06_H,missing trigger event
1,1,0.0,Rishabh_11,R,,Sub06_H,single trigger matched
1,1,0.0,Rishabh_12,L,,Sub06_H,single trigger matched
1,1,0.0,Rishabh_12,R,,Sub06_H,single trigger matched
1,1,0.0,Rishabh_13,L,,Sub06_H,single trigger matched
1,1,0.0,Rishabh_13,R,,Sub06_H,single trigger matched
1,1,0.0,Rishabh_14,L,,Sub06_H,single trigger matched
1,1,0.0,Rishabh_14,R,,Sub06_H,single trigger matched
1,1,0.0,Rishabh_15,L,,Sub06_H,single trigger matched
1,1,0.0,Rishabh_15,R,,Sub06_H,single trigger matched
1,1,0.0,Rishabh_16,L,,Sub06_H,single trigger matched
1,1,0.0,Rishabh_16,R,,Sub06_H,single trigger matched
1,1,0.0,Rishabh_17,L,,Sub06_H,single trigger matched
1,1,0.0,Rishabh_17,R,,Sub06_H,single trigger matched
1,1,0.0,Rishabh_18,L,,Sub06_H,single trigger matched
1,1,0.0,Rishabh_18,R,,Sub06_H,single trigger matched
1,1,0.0,Rishabh_19,L,,Sub06_H,single trigger matched
1,1,0.0,Rishabh_19,R,,Sub06_H,single trigger matched
1,1,0.0,Rishabh_20,L,,Sub06_H,single trigger matched
1,1,0.0,Rishabh_20,R,,Sub06_H,single trigger matched
,,,Rishabh_21,both,no FMG trigger start,Sub06_H,
,,,Rishabh_22,both,no FMG trigger start,Sub06_H,
1,1,0.0,Rishabh_23,L,,Sub06_H,single trigger matched
1,1,0.0,Rishabh_23,R,,Sub06_H,single trigger matched
1,1,0.0,Rishabh_24,L,,Sub06_H,single trigger matched
1,1,0.0,Rishabh_24,R,,Sub06_H,single trigger matched
1,1,0.0,Rishabh_25,L,,Sub06_H,single trigger matched
1,1,0.0,Rishabh_25,R,,Sub06_H,single trigger matched
1,1,0.0,Rishabh_26,L,,Sub06_H,single trigger matched
1,1,0.0,Rishabh_26,R,,Sub06_H,single trigger matched
1,1,0.0,Rishabh_27,L,,Sub06_H,single trigger matched
1,1,0.0,Rishabh_27,R,,Sub06_H,single trigger matched
1,1,0.0,Rishabh_28,L,,Sub06_H,single trigger matched
1,1,0.0,Rishabh_28,R,,Sub06_H,single trigger matched
1,1,0.0,Rishabh_29,L,,Sub06_H,single trigger matched
1,1,0.0,Rishabh_29,R,,Sub06_H,single trigger matched
1,1,0.0,Rishabh_30,L,,Sub06_H,single trigger matched
1,1,0.0,Rishabh_30,R,,Sub06_H,single trigger matched
1,1,0.0,Rishabh_31,L,,Sub06_H,single trigger matched
1,1,0.0,Rishabh_31,R,,Sub06_H,single trigger matched
1,1,0.0,Rishabh_32,L,,Sub06_H,single trigger matched
1,1,0.0,Rishabh_32,R,,Sub06_H,single trigger matched
1,1,0.0,Rishabh_33,L,,Sub06_H,single trigger matched
1,1,0.0,Rishabh_33,R,,Sub06_H,single trigger matched
1,1,0.0,Rishabh_34,L,,Sub06_H,single trigger matched
1,1,0.0,Rishabh_34,R,,Sub06_H,single trigger matched
1,1,0.0,Rishabh_35,L,,Sub06_H,single trigger matched
1,1,0.0,Rishabh_35,R,,Sub06_H,single trigger matched
1,1,0.0,Rishabh_36,L,,Sub06_H,single trigger matched
1,1,0.0,Rishabh_36,R,,Sub06_H,single trigger matched
1,1,0.0,Rishabh_37,L,,Sub06_H,single trigger matched
1,1,0.0,Rishabh_37,R,,Sub06_H,single trigger matched
1,1,0.0,Rishabh_38,L,,Sub06_H,single trigger matched
1,1,0.0,Rishabh_38,R,,Sub06_H,single trigger matched
1,1,0.0,Rishabh_39,L,,Sub06_H,single trigger matched
1,1,0.0,Rishabh_39,R,,Sub06_H,single trigger matched
1,1,0.0,Rishabh_40,L,,Sub06_H,single trigger matched
1,1,0.0,Rishabh_40,R,,Sub06_H,single trigger matched
1,0,,rohan_1,L,,Sub07_H,missing insole
1,1,0.0,rohan_1,R,,Sub07_H,single trigger matched
1,1,0.0,rohan_2,L,,Sub07_H,single trigger matched
1,1,0.0,rohan_2,R,,Sub07_H,single trigger matched
2,2,537.4435,rohan_3,L,,Sub07_H,trigger timing mismatch
2,2,537.605,rohan_3,R,,Sub07_H,trigger timing mismatch
1,1,0.0,rohan_4,L,,Sub07_H,single trigger matched
1,1,0.0,rohan_4,R,,Sub07_H,single trigger matched
1,1,0.0,rohan_5,L,,Sub07_H,single trigger matched
1,1,0.0,rohan_5,R,,Sub07_H,single trigger matched
1,1,0.0,rohan_6,L,,Sub07_H,single trigger matched
1,0,,rohan_6,R,,Sub07_H,missing trigger event
1,1,0.0,rohan_7,L,,Sub07_H,single trigger matched
1,1,0.0,rohan_7,R,,Sub07_H,single trigger matched
1,1,0.0,rohan_8,L,,Sub07_H,single trigger matched
1,1,0.0,rohan_8,R,,Sub07_H,single trigger matched
1,1,0.0,rohan_9,L,,Sub07_H,single trigger matched
1,1,0.0,rohan_9,R,,Sub07_H,single trigger matched
1,1,0.0,rohan_10,L,,Sub07_H,single trigger matched
1,1,0.0,rohan_10,R,,Sub07_H,single trigger matched
1,1,0.0,rohan_11,L,,Sub07_H,single trigger matched
1,1,0.0,rohan_11,R,,Sub07_H,single trigger matched
2,2,0.0095,rohan_12,L,,Sub07_H,trigger sequence synchronized
2,2,0.0,rohan_12,R,,Sub07_H,trigger sequence synchronized
15,20,,rohan_13,L,,Sub07_H,trigger count mismatch 15 vs 20
15,20,,rohan_13,R,,Sub07_H,trigger count mismatch 15 vs 20
18,18,0.01,rohan_21,L,,Sub07_H,trigger sequence synchronized
18,18,0.02,rohan_21,R,,Sub07_H,trigger sequence synchronized
22,22,0.02,rohan_30,L,,Sub07_H,trigger sequence synchronized
22,22,0.01,rohan_30,R,,Sub07_H,trigger sequence synchronized
42,42,0.02,sir_1,L,,Sub08_H,trigger sequence synchronized
42,42,0.01,sir_1,R,,Sub08_H,trigger sequence synchronized
40,40,0.02,sir_21,L,,Sub08_H,trigger sequence synchronized
40,40,0.01,sir_21,R,,Sub08_H,trigger sequence synchronized
