baseline,gain,offset,record,side,signal,trial
30.206394356109673,1.0,200,Rishabh_1,L,Channel 1,1
0.12874993668426826,1.0,170,Rishabh_1,L,Channel 2,1
35.97967389440062,1.0,145,Rishabh_1,L,Channel 3,1
30.1470292702581,1.0,120,Rishabh_1,L,Channel 4,1
39.40955712578687,1.0,100,Rishabh_1,L,Channel 5,1
38.7680861410957,1.0,80,Rishabh_1,L,Channel 6,1
0.0,1.0,60,Rishabh_1,L,Channel 7,1
26.843228370476638,1.0,40,Rishabh_1,L,Channel 8,1
9.810000000000064,2.5,400,Rishabh_1,L,CoP,1
1031.850000000008,0.08,380,Rishabh_1,L,vGRF,1
0.5007124380298767,0.6779684407288147,200,Rishabh_1,R,Channel 1,1
28.889078562837753,1.0,170,Rishabh_1,R,Channel 2,1
36.76062757161902,0.8432819980101612,145,Rishabh_1,R,Channel 3,1
40.80977030471942,1.0,120,Rishabh_1,R,Channel 4,1
0.016833564858652533,1.0,100,Rishabh_1,R,Channel 5,1
48.02524029245571,0.9387136946143835,80,Rishabh_1,R,Channel 6,1
60.02169833973779,1.0,60,Rishabh_1,R,Channel 7,1
42.638572583843285,1.0,40,Rishabh_1,R,Channel 8,1
7.18,2.5,400,Rishabh_1,R,CoP,1
807.0,0.0688976377952756,380,Rishabh_1,R,vGRF,1
29.988119101125598,1.0,200,Rishabh_2,L,Channel 1,1
0.0,1.0,170,Rishabh_2,L,Channel 2,1
31.31850828537889,1.0,145,Rishabh_2,L,Channel 3,1
14.208161691338482,0.991921080945423,120,Rishabh_2,L,Channel 4,1
42.30144465709038,1.0,100,Rishabh_2,L,Channel 5,1
38.19335893502569,1.0,80,Rishabh_2,L,Channel 6,1
0.0,1.0,60,Rishabh_2,L,Channel 7,1
0.0,1.0,40,Rishabh_2,L,Channel 8,1
9.804999999999982,2.5,400,Rishabh_2,L,CoP,1
880.3500000000001,0.08,380,Rishabh_2,L,vGRF,1
0.0,0.7368421052631579,200,Rishabh_2,R,Channel 1,1
33.42650049670226,1.0,170,Rishabh_2,R,Channel 2,1
38.371780556530986,0.868101080456967,145,Rishabh_2,R,Channel 3,1
42.08707561705498,1.0,120,Rishabh_2,R,Channel 4,1
0.0,1.0,100,Rishabh_2,R,Channel 5,1
52.64323083469854,0.9652625430788516,80,Rishabh_2,R,Channel 6,1
67.5156784102694,0.9903133386606946,60,Rishabh_2,R,Channel 7,1
42.32159858725394,1.0,40,Rishabh_2,R,Channel 8,1
7.189999999999936,2.5,400,Rishabh_2,R,CoP,1
840.0000000000091,0.06386861313868507,380,Rishabh_2,R,vGRF,1
31.795915094154246,1.0,200,Rishabh_3,L,Channel 1,1
15.0,1.0,170,Rishabh_3,L,Channel 2,1
38.418609171117886,1.0,145,Rishabh_3,L,Channel 3,1
48.500000000002615,1.0,120,Rishabh_3,L,Channel 4,1
43.94426809494897,1.0,100,Rishabh_3,L,Channel 5,1
43.03200931505792,1.0,80,Rishabh_3,L,Channel 6,1
24.0,1.0,60,Rishabh_3,L,Channel 7,1
146.70675199152276,0.20448956569997206,40,Rishabh_3,L,Channel 8,1
9.435867944693907,2.5,400,Rishabh_3,L,CoP,1
801.7232149581187,0.08,380,Rishabh_3,L,vGRF,1
0.0,0.6930693069306961,200,Rishabh_3,R,Channel 1,1
31.78293977017463,0.4247694985890828,170,Rishabh_3,R,Channel 2,1
37.99999999998818,0.8515283842794928,145,Rishabh_3,R,Channel 3,1
39.939949029934795,1.0,120,Rishabh_3,R,Channel 4,1
0.0,1.0,100,Rishabh_3,R,Channel 5,1
50.99999999999909,0.9420289855072992,80,Rishabh_3,R,Channel 6,1
75.68880139167736,1.0,60,Rishabh_3,R,Channel 7,1
41.85839785924125,1.0,40,Rishabh_3,R,Channel 8,1
6.179999999999854,2.5,400,Rishabh_3,R,CoP,1
887.0,0.06044905008635579,380,Rishabh_3,R,vGRF,1
31.0,1.0,200,Rishabh_4,L,Channel 1,1
0.0,1.0,170,Rishabh_4,L,Channel 2,1
31.000000000001823,1.0,145,Rishabh_4,L,Channel 3,1
0.0,0.9565217391304348,120,Rishabh_4,L,Channel 4,1
41.99999999999591,1.0,100,Rishabh_4,L,Channel 5,1
39.0,1.0,80,Rishabh_4,L,Channel 6,1
0.0,1.0,60,Rishabh_4,L,Channel 7,1
3.0,1.0,40,Rishabh_4,L,Channel 8,1
9.630000000000047,2.5,400,Rishabh_4,L,CoP,1
830.2399999999931,0.08,380,Rishabh_4,L,vGRF,1
0.0,0.8045977011494253,200,Rishabh_4,R,Channel 1,1
30.0,1.0,170,Rishabh_4,R,Channel 2,1
34.99999999999455,0.8441558441558242,145,Rishabh_4,R,Channel 3,1
41.0,1.0,120,Rishabh_4,R,Channel 4,1
0.0,1.0,100,Rishabh_4,R,Channel 5,1
47.0,0.9737827715355806,80,Rishabh_4,R,Channel 6,1
53.0,1.0,60,Rishabh_4,R,Channel 7,1
40.0,1.0,40,Rishabh_4,R,Channel 8,1
5.980000000000018,2.5,400,Rishabh_4,R,CoP,1
737.9999999999918,0.08,380,Rishabh_4,R,vGRF,1
31.000000000030013,1.0,200,Rishabh_5,L,Channel 1,1
0.0,1.0,170,Rishabh_5,L,Channel 2,1
31.0,1.0,145,Rishabh_5,L,Channel 3,1
10.000000000030015,1.0,120,Rishabh_5,L,Channel 4,1
41.0,1.0,100,Rishabh_5,L,Channel 5,1
38.0,1.0,80,Rishabh_5,L,Channel 6,1
0.0,1.0,60,Rishabh_5,L,Channel 7,1
0.0,1.0,40,Rishabh_5,L,Channel 8,1
9.84,2.5,400,Rishabh_5,L,CoP,1
846.45,0.04470044317325427,380,Rishabh_5,L,vGRF,1
0.0,0.7253886010363773,200,Rishabh_5,R,Channel 1,1
32.00000000003001,1.0,170,Rishabh_5,R,Channel 2,1
34.00000000003047,0.8333333333337531,145,Rishabh_5,R,Channel 3,1
42.0,1.0,120,Rishabh_5,R,Channel 4,1
0.0,1.0,100,Rishabh_5,R,Channel 5,1
53.0,0.9848484848487393,80,Rishabh_5,R,Channel 6,1
64.0,1.0,60,Rishabh_5,R,Channel 7,1
43.0,1.0,40,Rishabh_5,R,Channel 8,1
5.480000000000009,2.5,400,Rishabh_5,R,CoP,1
702.0000000000309,0.07269789983845654,380,Rishabh_5,R,vGRF,1
27.24444600456295,1.0,200,Rishabh_6,L,Channel 1,1
0.0,1.0,170,Rishabh_6,L,Channel 2,1
32.99999999997908,1.0,145,Rishabh_6,L,Channel 3,1
7.31812466536117,1.0,120,Rishabh_6,L,Channel 4,1
41.9762076954666,1.0,100,Rishabh_6,L,Channel 5,1
36.96531239981045,1.0,80,Rishabh_6,L,Channel 6,1
0.0,1.0,60,Rishabh_6,L,Channel 7,1
9.934981404508147,1.0,40,Rishabh_6,L,Channel 8,1
10.549999999999983,2.5,400,Rishabh_6,L,CoP,1
963.5600000000492,0.08,380,Rishabh_6,L,vGRF,1
0.0,0.8092485549132948,200,Rishabh_6,R,Channel 1,1
32.8186724899968,1.0,170,Rishabh_6,R,Channel 2,1
32.51203859690026,0.8245662859245388,145,Rishabh_6,R,Channel 3,1
43.599886004511816,1.0,120,Rishabh_6,R,Channel 4,1
0.0,1.0,100,Rishabh_6,R,Channel 5,1
48.82770677758923,0.9517802736616765,80,Rishabh_6,R,Channel 6,1
71.79792232913694,1.0,60,Rishabh_6,R,Channel 7,1
41.02261035364497,1.0,40,Rishabh_6,R,Channel 8,1
6.12,2.5,400,Rishabh_6,R,CoP,1
828.0,0.08,380,Rishabh_6,R,vGRF,1
33.0,1.0,200,Rishabh_7,L,Channel 1,1
27.0,1.0,170,Rishabh_7,L,Channel 2,1
42.99999999999546,1.0,145,Rishabh_7,L,Channel 3,1
50.0,1.0,120,Rishabh_7,L,Channel 4,1
46.99999999999818,1.0,100,Rishabh_7,L,Channel 5,1
41.0,1.0,80,Rishabh_7,L,Channel 6,1
25.0,1.0,60,Rishabh_7,L,Channel 7,1
166.0,0.18072289156626506,40,Rishabh_7,L,Channel 8,1
10.899999999999237,2.5,400,Rishabh_7,L,CoP,1
1024.6699999999946,0.08,380,Rishabh_7,L,vGRF,1
0.0,0.7865168539326204,200,Rishabh_7,R,Channel 1,1
28.0,1.0,170,Rishabh_7,R,Channel 2,1
36.0,0.8369098712446595,145,Rishabh_7,R,Channel 3,1
41.99999999999454,1.0,120,Rishabh_7,R,Channel 4,1
0.0,1.0,100,Rishabh_7,R,Channel 5,1
53.0,1.0,80,Rishabh_7,R,Channel 6,1
90.99999999999773,0.943396226415198,60,Rishabh_7,R,Channel 7,1
42.000000000008185,1.0,40,Rishabh_7,R,Channel 8,1
5.5,2.5,400,Rishabh_7,R,CoP,1
764.00000000054,0.079225352112764,380,Rishabh_7,R,vGRF,1
31.999999999988177,1.0,200,Rishabh_8,L,Channel 1,1
0.0,1.0,170,Rishabh_8,L,Channel 2,1
36.0,1.0,145,Rishabh_8,L,Channel 3,1
35.99999999997635,1.0,120,Rishabh_8,L,Channel 4,1
42.0,0.9561752988055849,100,Rishabh_8,L,Channel 5,1
39.0,1.0,80,Rishabh_8,L,Channel 6,1
0.0,1.0,60,Rishabh_8,L,Channel 7,1
4.0,1.0,40,Rishabh_8,L,Channel 8,1
11.309999999999919,2.5,400,Rishabh_8,L,CoP,1
1045.6400000000158,0.08,380,Rishabh_8,L,vGRF,1
0.0,0.7567567567567568,200,Rishabh_8,R,Channel 1,1
30.000000000011823,1.0,170,Rishabh_8,R,Channel 2,1
30.999999999976353,0.8405172413793334,145,Rishabh_8,R,Channel 3,1
42.0,1.0,120,Rishabh_8,R,Channel 4,1
0.0,1.0,100,Rishabh_8,R,Channel 5,1
48.0,0.9219858156029322,80,Rishabh_8,R,Channel 6,1
54.0,1.0,60,Rishabh_8,R,Channel 7,1
41.0,1.0,40,Rishabh_8,R,Channel 8,1
6.529999999999773,1.491265445260247,400,Rishabh_8,R,CoP,1
783.9999999999964,0.08,380,Rishabh_8,R,vGRF,1
32.999999999989996,1.0,200,Rishabh_9,L,Channel 1,1
0.0,0.9770114942530111,170,Rishabh_9,L,Channel 2,1
38.0,1.0,145,Rishabh_9,L,Channel 3,1
44.0,1.0,120,Rishabh_9,L,Channel 4,1
42.0,1.0,100,Rishabh_9,L,Channel 5,1
37.0,1.0,80,Rishabh_9,L,Channel 6,1
22.0,1.0,60,Rishabh_9,L,Channel 7,1
4.0,1.0,40,Rishabh_9,L,Channel 8,1
11.660208580466925,2.5,400,Rishabh_9,L,CoP,1
993.9430820553788,0.08,380,Rishabh_9,L,vGRF,1
0.0,0.7179487179487516,200,Rishabh_9,R,Channel 1,1
34.0,1.0,170,Rishabh_9,R,Channel 2,1
36.9999999999818,0.9420289855072053,145,Rishabh_9,R,Channel 3,1
42.999999999991815,1.0,120,Rishabh_9,R,Channel 4,1
0.0,1.0,100,Rishabh_9,R,Channel 5,1
54.0,1.0,80,Rishabh_9,R,Channel 6,1
90.0,0.8159887374411335,60,Rishabh_9,R,Channel 7,1
43.0,1.0,40,Rishabh_9,R,Channel 8,1
6.309999999999427,2.5,400,Rishabh_9,R,CoP,1
810.0000000002401,0.08,380,Rishabh_9,R,vGRF,1
30.999999999994543,1.0,200,Rishabh_10,L,Channel 1,1
0.0,1.0,170,Rishabh_10,L,Channel 2,1
33.0,1.0,145,Rishabh_10,L,Channel 3,1
21.0,1.0,120,Rishabh_10,L,Channel 4,1
43.0,1.0,100,Rishabh_10,L,Channel 5,1
40.0,1.0,80,Rishabh_10,L,Channel 6,1
0.0,1.0,60,Rishabh_10,L,Channel 7,1
0.0,0.9464155723703408,40,Rishabh_10,L,Channel 8,1
11.289999999999235,2.5,400,Rishabh_10,L,CoP,1
1063.6400000000144,0.08,380,Rishabh_10,L,vGRF,1
0.0,0.7692307692308429,200,Rishabh_10,R,Channel 1,1
30.000000000011823,1.0,170,Rishabh_10,R,Channel 2,1
31.99999999998181,0.8783783783783065,145,Rishabh_10,R,Channel 3,1
41.0,1.0,120,Rishabh_10,R,Channel 4,1
0.0,1.0,100,Rishabh_10,R,Channel 5,1
46.0,0.9594095940962617,80,Rishabh_10,R,Channel 6,1
52.0,1.0,60,Rishabh_10,R,Channel 7,1
43.00000000000273,1.0,40,Rishabh_10,R,Channel 8,1
6.6300000000004005,2.5,400,Rishabh_10,R,CoP,1
799.0000000000273,0.08,380,Rishabh_10,R,vGRF,1
32.0,1.0,200,Rishabh_11,L,Channel 1,1
15.0,1.0,170,Rishabh_11,L,Channel 2,1
38.0,1.0,145,Rishabh_11,L,Channel 3,1
42.0,1.0,120,Rishabh_11,L,Channel 4,1
45.0,1.0,100,Rishabh_11,L,Channel 5,1
40.0,1.0,80,Rishabh_11,L,Channel 6,1
22.000000000006366,1.0,60,Rishabh_11,L,Channel 7,1
46.0,0.6521739130434783,40,Rishabh_11,L,Channel 8,1
11.547757356618298,2.5,400,Rishabh_11,L,CoP,1
1137.0772303779115,0.08,380,Rishabh_11,L,vGRF,1
0.0,0.7954545454546194,200,Rishabh_11,R,Channel 1,1
33.0,1.0,170,Rishabh_11,R,Channel 2,1
35.00000000001819,0.8863636363637827,145,Rishabh_11,R,Channel 3,1
44.0,1.0,120,Rishabh_11,R,Channel 4,1
0.0,1.0,100,Rishabh_11,R,Channel 5,1
50.0,1.0,80,Rishabh_11,R,Channel 6,1
72.00000000001182,1.0,60,Rishabh_11,R,Channel 7,1
47.00000000000091,1.0,40,Rishabh_11,R,Channel 8,1
6.619999999992232,2.5,400,Rishabh_11,R,CoP,1
792.0000000000073,0.08,380,Rishabh_11,R,vGRF,1
28.0,1.0,200,Rishabh_12,L,Channel 1,1
0.0,1.0,170,Rishabh_12,L,Channel 2,1
34.00000000000273,1.0,145,Rishabh_12,L,Channel 3,1
34.0,1.0,120,Rishabh_12,L,Channel 4,1
43.0,1.0,100,Rishabh_12,L,Channel 5,1
39.0,1.0,80,Rishabh_12,L,Channel 6,1
0.0,1.0,60,Rishabh_12,L,Channel 7,1
14.0,1.0,40,Rishabh_12,L,Channel 8,1
11.47,2.5,400,Rishabh_12,L,CoP,1
1455.6199999999708,0.08,380,Rishabh_12,L,vGRF,1
0.0,0.8641975308646249,200,Rishabh_12,R,Channel 1,1
27.999999999989086,1.0,170,Rishabh_12,R,Channel 2,1
35.999999999989996,0.9330143540669569,145,Rishabh_12,R,Channel 3,1
39.0,1.0,120,Rishabh_12,R,Channel 4,1
0.0,1.0,100,Rishabh_12,R,Channel 5,1
52.0,0.948905109489051,80,Rishabh_12,R,Channel 6,1
57.0,1.0,60,Rishabh_12,R,Channel 7,1
39.0,1.0,40,Rishabh_12,R,Channel 8,1
6.389999999999127,2.5,400,Rishabh_12,R,CoP,1
976.5000000001123,0.07314524555902877,380,Rishabh_12,R,vGRF,1
21.0,1.0,200,Rishabh_13,L,Channel 1,1
0.0,1.0,170,Rishabh_13,L,Channel 2,1
31.0,1.0,145,Rishabh_13,L,Channel 3,1
8.999999999987265,0.9821428571428293,120,Rishabh_13,L,Channel 4,1
41.0,1.0,100,Rishabh_13,L,Channel 5,1
39.0,1.0,80,Rishabh_13,L,Channel 6,1
0.0,1.0,60,Rishabh_13,L,Channel 7,1
6.0,1.0,40,Rishabh_13,L,Channel 8,1
11.650000000000091,2.5,400,Rishabh_13,L,CoP,1
1603.4699999999964,0.08,380,Rishabh_13,L,vGRF,1
0.0,0.7909604519774377,200,Rishabh_13,R,Channel 1,1
33.0,1.0,170,Rishabh_13,R,Channel 2,1
30.999999999987253,0.9605911330049003,145,Rishabh_13,R,Channel 3,1
41.0,1.0,120,Rishabh_13,R,Channel 4,1
0.0,1.0,100,Rishabh_13,R,Channel 5,1
48.0,1.0,80,Rishabh_13,R,Channel 6,1
57.0,1.0,60,Rishabh_13,R,Channel 7,1
39.0,1.0,40,Rishabh_13,R,Channel 8,1
6.64,2.5,400,Rishabh_13,R,CoP,1
934.4999999999941,0.08,380,Rishabh_13,R,vGRF,1
32.0,0.8467550818459889,200,Rishabh_14,L,Channel 1,1
0.0,0.8994708994709164,170,Rishabh_14,L,Channel 2,1
30.12601801544378,1.0,145,Rishabh_14,L,Channel 3,1
0.0,0.8301886792452831,120,Rishabh_14,L,Channel 4,1
39.300090884546336,1.0,100,Rishabh_14,L,Channel 5,1
34.18988458042219,1.0,80,Rishabh_14,L,Channel 6,1
0.0,1.0,60,Rishabh_14,L,Channel 7,1
0.0,0.8119752613780898,40,Rishabh_14,L,Channel 8,1
11.680000000000073,2.5,400,Rishabh_14,L,CoP,1
1588.46,0.07857379825742879,380,Rishabh_14,L,vGRF,1
0.0,0.809308362283038,200,Rishabh_14,R,Channel 1,1
35.34599981181351,1.0,170,Rishabh_14,R,Channel 2,1
39.68289913306783,0.8891235531985638,145,Rishabh_14,R,Channel 3,1
44.52442821296243,1.0,120,Rishabh_14,R,Channel 4,1
0.19723350979261878,1.0,100,Rishabh_14,R,Channel 5,1
53.533627598636144,0.8812600733355094,80,Rishabh_14,R,Channel 6,1
80.36977296734344,0.6516810707296152,60,Rishabh_14,R,Channel 7,1
46.79698789332381,1.0,40,Rishabh_14,R,Channel 8,1
7.080000000000127,2.5,400,Rishabh_14,R,CoP,1
922.99999999998,0.08,380,Rishabh_14,R,vGRF,1
28.99999999999909,1.0,200,Rishabh_15,L,Channel 1,1
9.0,1.0,170,Rishabh_15,L,Channel 2,1
34.0,1.0,145,Rishabh_15,L,Channel 3,1
16.999999999997275,0.9777777777779049,120,Rishabh_15,L,Channel 4,1
42.0,1.0,100,Rishabh_15,L,Channel 5,1
39.0,1.0,80,Rishabh_15,L,Channel 6,1
0.0,1.0,60,Rishabh_15,L,Channel 7,1
35.0,0.8571428571428571,40,Rishabh_15,L,Channel 8,1
12.12,2.5,400,Rishabh_15,L,CoP,1
1572.5400000000163,0.07858477550951617,380,Rishabh_15,L,vGRF,1
0.0,0.8433734939759586,200,Rishabh_15,R,Channel 1,1
32.0,1.0,170,Rishabh_15,R,Channel 2,1
33.0,0.9330143540669856,145,Rishabh_15,R,Channel 3,1
35.0,1.0,120,Rishabh_15,R,Channel 4,1
0.0,1.0,100,Rishabh_15,R,Channel 5,1
49.0,1.0,80,Rishabh_15,R,Channel 6,1
53.0,1.0,60,Rishabh_15,R,Channel 7,1
44.0,1.0,40,Rishabh_15,R,Channel 8,1
6.619999999980517,2.5,400,Rishabh_15,R,CoP,1
889.0000000004202,0.08,380,Rishabh_15,R,vGRF,1
30.0,1.0,200,Rishabh_16,L,Channel 1,1
0.0,1.0,170,Rishabh_16,L,Channel 2,1
39.9999999999618,1.0,145,Rishabh_16,L,Channel 3,1
1.9999999999636207,0.9361702127661606,120,Rishabh_16,L,Channel 4,1
43.0,1.0,100,Rishabh_16,L,Channel 5,1
38.0,1.0,80,Rishabh_16,L,Channel 6,1
0.0,1.0,60,Rishabh_16,L,Channel 7,1
7.00000000001637,1.0,40,Rishabh_16,L,Channel 8,1
11.599999999999635,2.5,400,Rishabh_16,L,CoP,1
1599.2099999999964,0.06999097894051359,380,Rishabh_16,L,vGRF,1
0.0,0.8641975308641975,200,Rishabh_16,R,Channel 1,1
35.0,1.0,170,Rishabh_16,R,Channel 2,1
36.99999999996362,0.8333333333337986,145,Rishabh_16,R,Channel 3,1
41.0,1.0,120,Rishabh_16,R,Channel 4,1
0.0,1.0,100,Rishabh_16,R,Channel 5,1
52.0,1.0,80,Rishabh_16,R,Channel 6,1
72.00000000003092,1.0,60,Rishabh_16,R,Channel 7,1
43.0,1.0,40,Rishabh_16,R,Channel 8,1
6.410000000000182,2.5,400,Rishabh_16,R,CoP,1
1008.9999999991487,0.07709251101336416,380,Rishabh_16,R,vGRF,1
32.0,1.0,200,Rishabh_17,L,Channel 1,1
20.00000000001637,1.0,170,Rishabh_17,L,Channel 2,1
38.00000000001638,1.0,145,Rishabh_17,L,Channel 3,1
42.9999999999818,1.0,120,Rishabh_17,L,Channel 4,1
48.0,1.0,100,Rishabh_17,L,Channel 5,1
41.0,1.0,80,Rishabh_17,L,Channel 6,1
18.0,1.0,60,Rishabh_17,L,Channel 7,1
215.0,0.13953488372093023,40,Rishabh_17,L,Channel 8,1
10.89,2.5,400,Rishabh_17,L,CoP,1
1702.7600000000218,0.08,380,Rishabh_17,L,vGRF,1
0.0,0.8750000000001092,200,Rishabh_17,R,Channel 1,1
34.0,1.0,170,Rishabh_17,R,Channel 2,1
35.0,0.9198113207550638,145,Rishabh_17,R,Channel 3,1
40.00000000000727,1.0,120,Rishabh_17,R,Channel 4,1
10.0,1.0,100,Rishabh_17,R,Channel 5,1
51.0,1.0,80,Rishabh_17,R,Channel 6,1
60.0,1.0,60,Rishabh_17,R,Channel 7,1
42.0,1.0,40,Rishabh_17,R,Channel 8,1
5.91,2.5,400,Rishabh_17,R,CoP,1
1018.9999999999563,0.07954545454550194,380,Rishabh_17,R,vGRF,1
27.0,1.0,200,Rishabh_18,L,Channel 1,1
0.0,1.0,170,Rishabh_18,L,Channel 2,1
35.0,1.0,145,Rishabh_18,L,Channel 3,1
20.000000000032742,0.890688259109456,120,Rishabh_18,L,Channel 4,1
43.0,0.898876404494602,100,Rishabh_18,L,Channel 5,1
38.0,1.0,80,Rishabh_18,L,Channel 6,1
0.0,1.0,60,Rishabh_18,L,Channel 7,1
0.0,0.9523809523810512,40,Rishabh_18,L,Channel 8,1
11.670000000000254,2.5,400,Rishabh_18,L,CoP,1
1660.5100000001148,0.0780315247360166,380,Rishabh_18,L,vGRF,1
0.0,0.8284023668639053,200,Rishabh_18,R,Channel 1,1
36.0,1.0,170,Rishabh_18,R,Channel 2,1
37.0,0.8297872340425532,145,Rishabh_18,R,Channel 3,1
43.0,1.0,120,Rishabh_18,R,Channel 4,1
0.0,1.0,100,Rishabh_18,R,Channel 5,1
55.0,1.0,80,Rishabh_18,R,Channel 6,1
88.0,0.9114297698108188,60,Rishabh_18,R,Channel 7,1
44.0,1.0,40,Rishabh_18,R,Channel 8,1
6.489999999999837,2.5,400,Rishabh_18,R,CoP,1
995.999999999938,0.08,380,Rishabh_18,R,vGRF,1
27.0,1.0,200,Rishabh_19,L,Channel 1,1
0.0,1.0,170,Rishabh_19,L,Channel 2,1
35.00000000000182,1.0,145,Rishabh_19,L,Channel 3,1
27.000000000007283,1.0,120,Rishabh_19,L,Channel 4,1
44.0,1.0,100,Rishabh_19,L,Channel 5,1
40.99999999999454,1.0,80,Rishabh_19,L,Channel 6,1
0.0,1.0,60,Rishabh_19,L,Channel 7,1
9.0,1.0,40,Rishabh_19,L,Channel 8,1
11.99,2.5,400,Rishabh_19,L,CoP,1
1550.520000000018,0.06938555238611731,380,Rishabh_19,L,vGRF,1
0.0,0.8187134502924245,200,Rishabh_19,R,Channel 1,1
34.0,1.0,170,Rishabh_19,R,Channel 2,1
34.0,0.8705357142861389,145,Rishabh_19,R,Channel 3,1
41.0,1.0,120,Rishabh_19,R,Channel 4,1
0.0,1.0,100,Rishabh_19,R,Channel 5,1
49.0,0.9629629629631189,80,Rishabh_19,R,Channel 6,1
54.0,1.0,60,Rishabh_19,R,Channel 7,1
43.0,1.0,40,Rishabh_19,R,Channel 8,1
6.360000000000764,2.5,400,Rishabh_19,R,CoP,1
828.0,0.0748752079867065,380,Rishabh_19,R,vGRF,1
31.0,1.0,200,Rishabh_20,L,Channel 1,1
0.0,1.0,170,Rishabh_20,L,Channel 2,1
35.0,1.0,145,Rishabh_20,L,Channel 3,1
15.0,0.9361702127660735,120,Rishabh_20,L,Channel 4,1
43.00000000003638,0.9756097560982238,100,Rishabh_20,L,Channel 5,1
38.0,1.0,80,Rishabh_20,L,Channel 6,1
0.0,1.0,60,Rishabh_20,L,Channel 7,1
0.0,0.996677740864166,40,Rishabh_20,L,Channel 8,1
11.35,2.5,400,Rishabh_20,L,CoP,1
1773.4200000000606,0.08,380,Rishabh_20,L,vGRF,1
0.0,0.7777777777778723,200,Rishabh_20,R,Channel 1,1
33.99999999998545,1.0,170,Rishabh_20,R,Channel 2,1
39.99999999994179,0.8158995815899706,145,Rishabh_20,R,Channel 3,1
42.0,1.0,120,Rishabh_20,R,Channel 4,1
0.0,1.0,100,Rishabh_20,R,Channel 5,1
51.0,0.899653979238777,80,Rishabh_20,R,Channel 6,1
57.000000000010914,1.0,60,Rishabh_20,R,Channel 7,1
44.0,1.0,40,Rishabh_20,R,Channel 8,1
6.6599999999998545,2.5,400,Rishabh_20,R,CoP,1
935.0000000000437,0.08,380,Rishabh_20,R,vGRF,1
28.083398919771092,1.0,200,Rishabh_21,L,Channel 1,1
1.441802642264563,1.0,170,Rishabh_21,L,Channel 2,1
32.429634426402814,1.0,145,Rishabh_21,L,Channel 3,1
28.382838066233003,0.981080574630182,120,Rishabh_21,L,Channel 4,1
45.44900900358634,1.0,100,Rishabh_21,L,Channel 5,1
35.44707812149121,1.0,80,Rishabh_21,L,Channel 6,1
2.7446830883648117,1.0,60,Rishabh_21,L,Channel 7,1
17.364732757326692,1.0,40,Rishabh_21,L,Channel 8,1
12.24810856447612,2.5,400,Rishabh_21,L,CoP,1
1625.9303452390436,0.0760971104621423,380,Rishabh_21,L,vGRF,1
0.49681336315279195,0.7587944823721657,200,Rishabh_21,R,Channel 1,1
29.520657811289833,1.0,170,Rishabh_21,R,Channel 2,1
34.831989177357116,0.7857580006125761,145,Rishabh_21,R,Channel 3,1
42.09249760977802,1.0,120,Rishabh_21,R,Channel 4,1
0.48084457222876664,1.0,100,Rishabh_21,R,Channel 5,1
49.43926189095274,0.8856770209627325,80,Rishabh_21,R,Channel 6,1
51.955699856351934,1.0,60,Rishabh_21,R,Channel 7,1
42.653630866887205,1.0,40,Rishabh_21,R,Channel 8,1
7.1099999999999275,2.5,400,Rishabh_21,R,CoP,1
814.0000000000055,0.06987577639753154,380,Rishabh_21,R,vGRF,1
27.0,1.0,200,Rishabh_22,L,Channel 1,1
0.6307261741922101,1.0,170,Rishabh_22,L,Channel 2,1
35.0,1.0,145,Rishabh_22,L,Channel 3,1
17.000000000052747,1.0,120,Rishabh_22,L,Channel 4,1
41.0,0.9375000000001861,100,Rishabh_22,L,Channel 5,1
36.000000000029104,1.0,80,Rishabh_22,L,Channel 6,1
0.0,1.0,60,Rishabh_22,L,Channel 7,1
8.914834339895549,1.0,40,Rishabh_22,L,Channel 8,1
12.179999999999819,2.5,400,Rishabh_22,L,CoP,1
1689.9699999999998,0.06982156710631296,380,Rishabh_22,L,vGRF,1
0.0,0.7650273224045082,200,Rishabh_22,R,Channel 1,1
33.0,1.0,170,Rishabh_22,R,Channel 2,1
32.99999999996362,0.7169117647060749,145,Rishabh_22,R,Channel 3,1
41.0,1.0,120,Rishabh_22,R,Channel 4,1
1.2711725659834887,1.0,100,Rishabh_22,R,Channel 5,1
47.0,0.8873720136521085,80,Rishabh_22,R,Channel 6,1
53.23705752158075,1.0,60,Rishabh_22,R,Channel 7,1
37.0,1.0,40,Rishabh_22,R,Channel 8,1
7.00499999999944,2.5,400,Rishabh_22,R,CoP,1
1045.9999999999673,0.0776053215078888,380,Rishabh_22,R,vGRF,1
35.0,1.0,200,Rishabh_23,L,Channel 1,1
22.99999999999818,1.0,170,Rishabh_23,L,Channel 2,1
43.00000000000182,1.0,145,Rishabh_23,L,Channel 3,1
42.0,1.0,120,Rishabh_23,L,Channel 4,1
46.0,0.9022556390977443,100,Rishabh_23,L,Channel 5,1
43.0,1.0,80,Rishabh_23,L,Channel 6,1
26.0,1.0,60,Rishabh_23,L,Channel 7,1
202.9999999999818,0.14778325123154035,40,Rishabh_23,L,Channel 8,1
11.63,2.5,400,Rishabh_23,L,CoP,1
1811.030000000015,0.07831398687806053,380,Rishabh_23,L,vGRF,1
0.0,0.6829268292683655,200,Rishabh_23,R,Channel 1,1
34.999999999989086,1.0,170,Rishabh_23,R,Channel 2,1
35.99999999993088,0.8158995815898278,145,Rishabh_23,R,Channel 3,1
42.0,1.0,120,Rishabh_23,R,Channel 4,1
16.999999999978172,1.0,100,Rishabh_23,R,Channel 5,1
53.0,0.935251798561151,80,Rishabh_23,R,Channel 6,1
61.0,1.0,60,Rishabh_23,R,Channel 7,1
38.0,1.0,40,Rishabh_23,R,Channel 8,1
6.77,2.5,400,Rishabh_23,R,CoP,1
1026.9999999999636,0.08,380,Rishabh_23,R,vGRF,1
32.99999999999818,1.0,200,Rishabh_24,L,Channel 1,1
7.000000000025466,1.0,170,Rishabh_24,L,Channel 2,1
36.0,1.0,145,Rishabh_24,L,Channel 3,1
40.0,1.0,120,Rishabh_24,L,Channel 4,1
43.0,1.0,100,Rishabh_24,L,Channel 5,1
40.0,1.0,80,Rishabh_24,L,Channel 6,1
0.0,1.0,60,Rishabh_24,L,Channel 7,1
42.99999999999818,0.6976744186046807,40,Rishabh_24,L,Channel 8,1
12.13,2.5,400,Rishabh_24,L,CoP,1
1896.95,0.03888370439429344,380,Rishabh_24,L,vGRF,1
0.0,0.7216494845367485,200,Rishabh_24,R,Channel 1,1
34.0,1.0,170,Rishabh_24,R,Channel 2,1
33.999999999990905,0.8024691358025471,145,Rishabh_24,R,Channel 3,1
40.000000000009095,1.0,120,Rishabh_24,R,Channel 4,1
0.0,1.0,100,Rishabh_24,R,Channel 5,1
51.0,0.8873720136519869,80,Rishabh_24,R,Channel 6,1
54.0,1.0,60,Rishabh_24,R,Channel 7,1
37.0000000000182,1.0,40,Rishabh_24,R,Channel 8,1
6.990000000000491,2.5,400,Rishabh_24,R,CoP,1
1034.9999999992285,0.08,380,Rishabh_24,R,vGRF,1
33.0,0.8433734939760421,200,Rishabh_25,L,Channel 1,1
16.999999999974538,0.9497206703914673,170,Rishabh_25,L,Channel 2,1
40.00000000002183,1.0,145,Rishabh_25,L,Channel 3,1
42.0,0.944206008583691,120,Rishabh_25,L,Channel 4,1
44.0,1.0,100,Rishabh_25,L,Channel 5,1
39.99999999998727,1.0,80,Rishabh_25,L,Channel 6,1
21.0,1.0,60,Rishabh_25,L,Channel 7,1
0.0,0.9900990099009901,40,Rishabh_25,L,Channel 8,1
12.44,2.5,400,Rishabh_25,L,CoP,1
1809.93,0.08,380,Rishabh_25,L,vGRF,1
0.0,0.7000000000001464,200,Rishabh_25,R,Channel 1,1
35.0,1.0,170,Rishabh_25,R,Channel 2,1
37.99999999997817,0.8262711864406082,145,Rishabh_25,R,Channel 3,1
42.0,1.0,120,Rishabh_25,R,Channel 4,1
0.0,1.0,100,Rishabh_25,R,Channel 5,1
56.0,0.955882352941317,80,Rishabh_25,R,Channel 6,1
80.99999999996362,1.0,60,Rishabh_25,R,Channel 7,1
37.0,1.0,40,Rishabh_25,R,Channel 8,1
6.730000000000318,2.5,400,Rishabh_25,R,CoP,1
1005.0000000000582,0.08,380,Rishabh_25,R,vGRF,1
32.0,1.0,200,Rishabh_26,L,Channel 1,1
15.587225330120278,1.0,170,Rishabh_26,L,Channel 2,1
37.42386188923962,1.0,145,Rishabh_26,L,Channel 3,1
41.99999999995998,0.9909909909908123,120,Rishabh_26,L,Channel 4,1
43.0,1.0,100,Rishabh_26,L,Channel 5,1
43.0,1.0,80,Rishabh_26,L,Channel 6,1
25.0,1.0,60,Rishabh_26,L,Channel 7,1
28.97233398462606,1.0,40,Rishabh_26,L,Channel 8,1
12.77,2.5,400,Rishabh_26,L,CoP,1
1864.2799999999886,0.06694282820750991,380,Rishabh_26,L,vGRF,1
0.0,0.7865168539329799,200,Rishabh_26,R,Channel 1,1
33.0,1.0,170,Rishabh_26,R,Channel 2,1
34.0000000000382,0.8057851239671971,145,Rishabh_26,R,Channel 3,1
41.604782345448236,1.0,120,Rishabh_26,R,Channel 4,1
0.0,1.0,100,Rishabh_26,R,Channel 5,1
50.0,0.9558823529415977,80,Rishabh_26,R,Channel 6,1
55.00000000001819,1.0,60,Rishabh_26,R,Channel 7,1
39.00000000002728,0.8061372104994353,40,Rishabh_26,R,Channel 8,1
7.11999999999418,2.5,400,Rishabh_26,R,CoP,1
967.0000000000819,0.08,380,Rishabh_26,R,vGRF,1
32.0,0.8974358974362745,200,Rishabh_27,L,Channel 1,1
18.0,0.9941520467837528,170,Rishabh_27,L,Channel 2,1
35.999999999990905,1.0,145,Rishabh_27,L,Channel 3,1
24.0,0.8943089430895103,120,Rishabh_27,L,Channel 4,1
43.0,1.0,100,Rishabh_27,L,Channel 5,1
40.0,1.0,80,Rishabh_27,L,Channel 6,1
0.0,1.0,60,Rishabh_27,L,Channel 7,1
51.00000000001637,0.5882352941174582,40,Rishabh_27,L,Channel 8,1
12.39,2.5,400,Rishabh_27,L,CoP,1
1842.9099999999821,0.0691031941038536,380,Rishabh_27,L,vGRF,1
0.0,0.7291666666669014,200,Rishabh_27,R,Channel 1,1
34.0,1.0,170,Rishabh_27,R,Channel 2,1
34.99999999996726,0.7959183673468324,145,Rishabh_27,R,Channel 3,1
41.0,1.0,120,Rishabh_27,R,Channel 4,1
0.0,1.0,100,Rishabh_27,R,Channel 5,1
50.0,0.9523809523809523,80,Rishabh_27,R,Channel 6,1
54.0,1.0,60,Rishabh_27,R,Channel 7,1
42.0,1.0,40,Rishabh_27,R,Channel 8,1
7.290000000000028,2.5,400,Rishabh_27,R,CoP,1
994.0000000000764,0.08,380,Rishabh_27,R,vGRF,1
27.0,0.858895705521742,200,Rishabh_28,L,Channel 1,1
0.0,1.0,170,Rishabh_28,L,Channel 2,1
34.00000000000364,1.0,145,Rishabh_28,L,Channel 3,1
3.9999999999818088,0.9282700421940215,120,Rishabh_28,L,Channel 4,1
43.0,1.0,100,Rishabh_28,L,Channel 5,1
40.0,1.0,80,Rishabh_28,L,Channel 6,1
0.0,1.0,60,Rishabh_28,L,Channel 7,1
0.0,0.9345794392528247,40,Rishabh_28,L,Channel 8,1
12.509999999999927,2.5,400,Rishabh_28,L,CoP,1
1885.1400000000547,0.07082821796205327,380,Rishabh_28,L,vGRF,1
0.0,0.6511627906976851,200,Rishabh_28,R,Channel 1,1
34.0,1.0,170,Rishabh_28,R,Channel 2,1
34.99999999992724,0.7677165354329948,145,Rishabh_28,R,Channel 3,1
42.0,1.0,120,Rishabh_28,R,Channel 4,1
0.0,1.0,100,Rishabh_28,R,Channel 5,1
48.0,0.8996539792390595,80,Rishabh_28,R,Channel 6,1
53.999999999974534,1.0,60,Rishabh_28,R,Channel 7,1
40.0,1.0,40,Rishabh_28,R,Channel 8,1
7.250000000000036,2.5,400,Rishabh_28,R,CoP,1
1054.9999999999563,0.06637168141592815,380,Rishabh_28,R,vGRF,1
34.0,1.0,200,Rishabh_29,L,Channel 1,1
13.0,1.0,170,Rishabh_29,L,Channel 2,1
41.0,1.0,145,Rishabh_29,L,Channel 3,1
21.0,1.0,120,Rishabh_29,L,Channel 4,1
45.00000000000364,1.0,100,Rishabh_29,L,Channel 5,1
41.0,1.0,80,Rishabh_29,L,Channel 6,1
0.0,1.0,60,Rishabh_29,L,Channel 7,1
52.999999999992724,0.5660377358491343,40,Rishabh_29,L,Channel 8,1
12.69,2.5,400,Rishabh_29,L,CoP,1
1952.0699999999347,0.017948073659252068,380,Rishabh_29,L,vGRF,1
0.0,0.7446808510638477,200,Rishabh_29,R,Channel 1,1
34.0,1.0,170,Rishabh_29,R,Channel 2,1
33.99999999994179,0.8057851239667483,145,Rishabh_29,R,Channel 3,1
42.0,1.0,120,Rishabh_29,R,Channel 4,1
0.0,1.0,100,Rishabh_29,R,Channel 5,1
49.0,0.9122807017544006,80,Rishabh_29,R,Channel 6,1
54.0,1.0,60,Rishabh_29,R,Channel 7,1
43.0,1.0,40,Rishabh_29,R,Channel 8,1
7.469999999998963,2.5,400,Rishabh_29,R,CoP,1
1058.999999999969,0.08,380,Rishabh_29,R,vGRF,1
29.99999999999636,1.0,200,Rishabh_30,L,Channel 1,1
0.0,1.0,170,Rishabh_30,L,Channel 2,1
39.0,1.0,145,Rishabh_30,L,Channel 3,1
22.999999999974538,1.0,120,Rishabh_30,L,Channel 4,1
43.00000000002183,1.0,100,Rishabh_30,L,Channel 5,1
39.0,1.0,80,Rishabh_30,L,Channel 6,1
0.0,1.0,60,Rishabh_30,L,Channel 7,1
17.0,1.0,40,Rishabh_30,L,Channel 8,1
12.36,2.5,400,Rishabh_30,L,CoP,1
2085.04,0.08,380,Rishabh_30,L,vGRF,1
0.0,0.7446808510638298,200,Rishabh_30,R,Channel 1,1
35.0,1.0,170,Rishabh_30,R,Channel 2,1
34.99999999991633,0.8091286307051133,145,Rishabh_30,R,Channel 3,1
41.99999999996727,1.0,120,Rishabh_30,R,Channel 4,1
0.0,1.0,100,Rishabh_30,R,Channel 5,1
54.0,1.0,80,Rishabh_30,R,Channel 6,1
60.0,1.0,60,Rishabh_30,R,Channel 7,1
41.99999999997817,1.0,40,Rishabh_30,R,Channel 8,1
7.079999999988649,2.5,400,Rishabh_30,R,CoP,1
1040.999999999869,0.08,380,Rishabh_30,R,vGRF,1
34.0,1.0,200,Rishabh_31,L,Channel 1,1
0.0,0.9883720930232986,170,Rishabh_31,L,Channel 2,1
40.0,1.0,145,Rishabh_31,L,Channel 3,1
19.0,0.9482758620689953,120,Rishabh_31,L,Channel 4,1
43.0,1.0,100,Rishabh_31,L,Channel 5,1
43.0,1.0,80,Rishabh_31,L,Channel 6,1
0.0,1.0,60,Rishabh_31,L,Channel 7,1
29.99999999999091,1.0,40,Rishabh_31,L,Channel 8,1
12.46,2.5,400,Rishabh_31,L,CoP,1
2127.640000000008,0.08,380,Rishabh_31,L,vGRF,1
0.0,0.6829268292683051,200,Rishabh_31,R,Channel 1,1
33.0,1.0,170,Rishabh_31,R,Channel 2,1
34.99999999999273,0.7959183673469273,145,Rishabh_31,R,Channel 3,1
41.0,1.0,120,Rishabh_31,R,Channel 4,1
0.0,1.0,100,Rishabh_31,R,Channel 5,1
51.0,0.9558823529412402,80,Rishabh_31,R,Channel 6,1
54.0,1.0,60,Rishabh_31,R,Channel 7,1
40.00000000000182,1.0,40,Rishabh_31,R,Channel 8,1
7.290000000000491,2.5,400,Rishabh_31,R,CoP,1
1017.9999999997381,0.08,380,Rishabh_31,R,vGRF,1
34.0,1.0,200,Rishabh_32,L,Channel 1,1
0.0,1.0,170,Rishabh_32,L,Channel 2,1
39.00000000001455,1.0,145,Rishabh_32,L,Channel 3,1
25.0,1.0,120,Rishabh_32,L,Channel 4,1
44.0,1.0,100,Rishabh_32,L,Channel 5,1
39.0,1.0,80,Rishabh_32,L,Channel 6,1
0.0,1.0,60,Rishabh_32,L,Channel 7,1
12.0,1.0,40,Rishabh_32,L,Channel 8,1
12.809999999999928,2.5,400,Rishabh_32,L,CoP,1
2134.6100000000165,0.06909046244551559,380,Rishabh_32,L,vGRF,1
0.0,0.8433734939759037,200,Rishabh_32,R,Channel 1,1
36.0,1.0,170,Rishabh_32,R,Channel 2,1
35.999999999945445,0.8666666666665201,145,Rishabh_32,R,Channel 3,1
41.999999999919964,1.0,120,Rishabh_32,R,Channel 4,1
0.0,1.0,100,Rishabh_32,R,Channel 5,1
52.0,1.0,80,Rishabh_32,R,Channel 6,1
58.0,1.0,60,Rishabh_32,R,Channel 7,1
41.0,1.0,40,Rishabh_32,R,Channel 8,1
7.0,2.5,400,Rishabh_32,R,CoP,1
1095.9999999978388,0.08,380,Rishabh_32,R,vGRF,1
19.00000000001819,0.8284023668639945,200,Rishabh_33,L,Channel 1,1
0.0,0.96045197740113,170,Rishabh_33,L,Channel 2,1
42.0,1.0,145,Rishabh_33,L,Channel 3,1
25.0,0.9322033898305947,120,Rishabh_33,L,Channel 4,1
42.000000000009095,0.9795918367349113,100,Rishabh_33,L,Channel 5,1
40.0,1.0,80,Rishabh_33,L,Channel 6,1
0.0,1.0,60,Rishabh_33,L,Channel 7,1
10.000000000014555,0.9836065573771846,40,Rishabh_33,L,Channel 8,1
12.74,2.5,400,Rishabh_33,L,CoP,1
2230.2700000000073,0.08,380,Rishabh_33,L,vGRF,1
0.0,0.6862745098039338,200,Rishabh_33,R,Channel 1,1
33.99999999998363,1.0,170,Rishabh_33,R,Channel 2,1
35.999999999992724,0.8441558441558441,145,Rishabh_33,R,Channel 3,1
40.00000000003273,1.0,120,Rishabh_33,R,Channel 4,1
0.0,1.0,100,Rishabh_33,R,Channel 5,1
52.0,1.0,80,Rishabh_33,R,Channel 6,1
59.0,1.0,60,Rishabh_33,R,Channel 7,1
41.0,1.0,40,Rishabh_33,R,Channel 8,1
7.015000000000054,2.5,400,Rishabh_33,R,CoP,1
1093.0,0.08,380,Rishabh_33,R,vGRF,1
29.0,1.0,200,Rishabh_34,L,Channel 1,1
0.0,1.0,170,Rishabh_34,L,Channel 2,1
37.0,1.0,145,Rishabh_34,L,Channel 3,1
15.000000000018186,0.9734513274339577,120,Rishabh_34,L,Channel 4,1
42.0,1.0,100,Rishabh_34,L,Channel 5,1
38.0,1.0,80,Rishabh_34,L,Channel 6,1
0.0,1.0,60,Rishabh_34,L,Channel 7,1
31.0,0.967741935483871,40,Rishabh_34,L,Channel 8,1
12.86999999999978,2.5,400,Rishabh_34,L,CoP,1
2209.0299999995186,0.07883119613209753,380,Rishabh_34,L,vGRF,1
0.0,0.7821229050279329,200,Rishabh_34,R,Channel 1,1
33.0,1.0,170,Rishabh_34,R,Channel 2,1
35.99999999998545,0.7959183673468915,145,Rishabh_34,R,Channel 3,1
41.0,1.0,120,Rishabh_34,R,Channel 4,1
0.0,1.0,100,Rishabh_34,R,Channel 5,1
49.00000000002365,0.9737827715356667,80,Rishabh_34,R,Channel 6,1
53.0,1.0,60,Rishabh_34,R,Channel 7,1
42.0,0.7142857142857143,40,Rishabh_34,R,Channel 8,1
7.080000000000364,2.5,400,Rishabh_34,R,CoP,1
1113.0000000000728,0.0795454545454427,380,Rishabh_34,R,vGRF,1
34.0,1.0,200,Rishabh_35,L,Channel 1,1
13.0,1.0,170,Rishabh_35,L,Channel 2,1
36.0,1.0,145,Rishabh_35,L,Channel 3,1
22.0,0.995475113122172,120,Rishabh_35,L,Channel 4,1
44.0,0.9523809523809523,100,Rishabh_35,L,Channel 5,1
41.0,1.0,80,Rishabh_35,L,Channel 6,1
0.0,1.0,60,Rishabh_35,L,Channel 7,1
3.0,0.9584664536741214,40,Rishabh_35,L,Channel 8,1
12.95,2.5,400,Rishabh_35,L,CoP,1
2196.289999999767,0.07738074767011115,380,Rishabh_35,L,vGRF,1
0.0,0.7407407407407407,200,Rishabh_35,R,Channel 1,1
31.0,1.0,170,Rishabh_35,R,Channel 2,1
35.99999999999272,0.9466019417482396,145,Rishabh_35,R,Channel 3,1
42.0,1.0,120,Rishabh_35,R,Channel 4,1
0.0,1.0,100,Rishabh_35,R,Channel 5,1
50.0,1.0,80,Rishabh_35,R,Channel 6,1
54.0,1.0,60,Rishabh_35,R,Channel 7,1
41.0,1.0,40,Rishabh_35,R,Channel 8,1
7.230000000000328,2.5,400,Rishabh_35,R,CoP,1
1074.9999999991269,0.08,380,Rishabh_35,R,vGRF,1
32.0,1.0,200,Rishabh_36,L,Channel 1,1
0.0,1.0,170,Rishabh_36,L,Channel 2,1
38.0,1.0,145,Rishabh_36,L,Channel 3,1
25.000000000018186,1.0,120,Rishabh_36,L,Channel 4,1
42.0,0.9756097560976243,100,Rishabh_36,L,Channel 5,1
38.0,1.0,80,Rishabh_36,L,Channel 6,1
0.0,1.0,60,Rishabh_36,L,Channel 7,1
16.0,1.0,40,Rishabh_36,L,Channel 8,1
13.01,2.5,400,Rishabh_36,L,CoP,1
2227.2650000000317,0.0003518523383592403,380,Rishabh_36,L,vGRF,1
0.0,0.717948717948718,200,Rishabh_36,R,Channel 1,1
34.9999999999818,1.0,170,Rishabh_36,R,Channel 2,1
34.999999999989086,0.7926829268292743,145,Rishabh_36,R,Channel 3,1
41.0,1.0,120,Rishabh_36,R,Channel 4,1
0.0,1.0,100,Rishabh_36,R,Channel 5,1
52.0,0.9737827715355806,80,Rishabh_36,R,Channel 6,1
54.0,1.0,60,Rishabh_36,R,Channel 7,1
42.00000000001818,1.0,40,Rishabh_36,R,Channel 8,1
7.220000000000073,2.5,400,Rishabh_36,R,CoP,1
1187.0000000000655,0.029965753425002833,380,Rishabh_36,R,vGRF,1
27.0,1.0,200,Rishabh_37,L,Channel 1,1
21.0,1.0,170,Rishabh_37,L,Channel 2,1
39.0,1.0,145,Rishabh_37,L,Channel 3,1
43.00000000003274,1.0,120,Rishabh_37,L,Channel 4,1
46.0,1.0,100,Rishabh_37,L,Channel 5,1
41.0,1.0,80,Rishabh_37,L,Channel 6,1
0.0,1.0,60,Rishabh_37,L,Channel 7,1
105.99999999998181,0.28301886792457687,40,Rishabh_37,L,Channel 8,1
12.53,2.5,400,Rishabh_37,L,CoP,1
2385.6000000000568,0.08,380,Rishabh_37,L,vGRF,1
0.0,0.6306306306307962,200,Rishabh_37,R,Channel 1,1
36.99999999998181,1.0,170,Rishabh_37,R,Channel 2,1
34.99999999994906,0.7768924302791487,145,Rishabh_37,R,Channel 3,1
41.0,1.0,120,Rishabh_37,R,Channel 4,1
16.0,1.0,100,Rishabh_37,R,Channel 5,1
51.00000000000364,0.9420289855072776,80,Rishabh_37,R,Channel 6,1
55.00000000000546,1.0,60,Rishabh_37,R,Channel 7,1
38.0,1.0,40,Rishabh_37,R,Channel 8,1
7.194999999999973,2.5,400,Rishabh_37,R,CoP,1
1145.000000000029,0.08,380,Rishabh_37,R,vGRF,1
27.0,1.0,200,Rishabh_38,L,Channel 1,1
0.0,1.0,170,Rishabh_38,L,Channel 2,1
37.0,1.0,145,Rishabh_38,L,Channel 3,1
13.999999999976353,0.8979591836733827,120,Rishabh_38,L,Channel 4,1
44.0,0.9795918367346939,100,Rishabh_38,L,Channel 5,1
39.0,1.0,80,Rishabh_38,L,Channel 6,1
0.0,1.0,60,Rishabh_38,L,Channel 7,1
16.0,0.9966777408638533,40,Rishabh_38,L,Channel 8,1
12.960000000000237,2.5,400,Rishabh_38,L,CoP,1
2405.63,0.08,380,Rishabh_38,L,vGRF,1
0.0,0.6666666666674967,200,Rishabh_38,R,Channel 1,1
33.000000000010914,1.0,170,Rishabh_38,R,Channel 2,1
31.999999999956344,0.7707509881421758,145,Rishabh_38,R,Channel 3,1
40.0,1.0,120,Rishabh_38,R,Channel 4,1
0.0,1.0,100,Rishabh_38,R,Channel 5,1
51.0,0.9252669039145908,80,Rishabh_38,R,Channel 6,1
54.0,1.0,60,Rishabh_38,R,Channel 7,1
41.00000000001818,1.0,40,Rishabh_38,R,Channel 8,1
7.28,2.5,400,Rishabh_38,R,CoP,1
1224.999999999669,0.06862745098043671,380,Rishabh_38,R,vGRF,1
24.989092321374898,0.9928309965855334,200,Rishabh_39,L,Channel 1,1
0.0,1.0,170,Rishabh_39,L,Channel 2,1
33.051032332228324,1.0,145,Rishabh_39,L,Channel 3,1
12.000000000043654,0.8943089430895896,120,Rishabh_39,L,Channel 4,1
41.00000000000727,1.0,100,Rishabh_39,L,Channel 5,1
37.616725268200945,1.0,80,Rishabh_39,L,Channel 6,1
0.0,1.0,60,Rishabh_39,L,Channel 7,1
0.0,1.0,40,Rishabh_39,L,Channel 8,1
12.95,2.5,400,Rishabh_39,L,CoP,1
2390.980000000001,0.01655644802800917,380,Rishabh_39,L,vGRF,1
0.0,1.0,200,Rishabh_39,R,Channel 1,1
34.0,1.0,170,Rishabh_39,R,Channel 2,1
32.198677198403196,0.9568142017892848,145,Rishabh_39,R,Channel 3,1
41.0,1.0,120,Rishabh_39,R,Channel 4,1
0.0,1.0,100,Rishabh_39,R,Channel 5,1
53.0,1.0,80,Rishabh_39,R,Channel 6,1
58.99999999994906,1.0,60,Rishabh_39,R,Channel 7,1
42.0,1.0,40,Rishabh_39,R,Channel 8,1
7.605000000000027,2.5,400,Rishabh_39,R,CoP,1
1329.000000000011,0.05700325732898921,380,Rishabh_39,R,vGRF,1
33.0,1.0,200,Rishabh_40,L,Channel 1,1
0.0,1.0,170,Rishabh_40,L,Channel 2,1
36.00000000000727,1.0,145,Rishabh_40,L,Channel 3,1
24.0,0.9865470852020342,120,Rishabh_40,L,Channel 4,1
43.00000000002911,1.0,100,Rishabh_40,L,Channel 5,1
40.0,1.0,80,Rishabh_40,L,Channel 6,1
0.0,1.0,60,Rishabh_40,L,Channel 7,1
15.0,1.0,40,Rishabh_40,L,Channel 8,1
12.98,2.5,400,Rishabh_40,L,CoP,1
2432.710000000073,0.08,380,Rishabh_40,L,vGRF,1
0.0,0.7407407407407407,200,Rishabh_40,R,Channel 1,1
35.0,1.0,170,Rishabh_40,R,Channel 2,1
34.99999999998545,0.8441558441557909,145,Rishabh_40,R,Channel 3,1
41.00000000003637,1.0,120,Rishabh_40,R,Channel 4,1
0.0,1.0,100,Rishabh_40,R,Channel 5,1
54.0,0.9961685823755067,80,Rishabh_40,R,Channel 6,1
58.0,1.0,60,Rishabh_40,R,Channel 7,1
42.0,1.0,40,Rishabh_40,R,Channel 8,1
7.480000000000146,2.5,400,Rishabh_40,R,CoP,1
1261.0000000000073,0.0714285714285757,380,Rishabh_40,R,vGRF,1
