png,side,source_data_file,status,subject,trials_averaged
Sub01_A__jitu_1__l_gi_avg.png,l,jitu_1,created,Sub01_A,10
Sub01_A__jitu_1__r_gi_avg.png,r,jitu_1,created,Sub01_A,10
Sub01_A__jitu_21__l_gi_avg.png,l,jitu_21,created,Sub01_A,10
Sub01_A__jitu_21__r_gi_avg.png,r,jitu_21,created,Sub01_A,10
Sub01_H__abh_1__l_gi_avg.png,l,abh_1,created,Sub01_H,18
Sub01_H__abh_1__r_gi_avg.png,r,abh_1,created,Sub01_H,18
Sub01_H__abh_21__l_gi_avg.png,l,abh_21,created,Sub01_H,21
Sub01_H__abh_21__r_gi_avg.png,r,abh_21,created,Sub01_H,21
Sub02_A__vipin_1__l_gi_avg.png,l,vipin_1,created,Sub02_A,12
Sub02_A__vipin_1__r_gi_avg.png,r,vipin_1,created,Sub02_A,12
Sub02_A__vipin_21__l_gi_avg.png,l,vipin_21,created,Sub02_A,10
Sub02_A__vipin_21__r_gi_avg.png,r,vipin_21,created,Sub02_A,10
Sub02_H__Alif_1__l_gi_avg.png,l,Alif_1,created,Sub02_H,20
Sub02_H__Alif_1__r_gi_avg.png,r,Alif_1,created,Sub02_H,20
Sub02_H__Alif_21__l_gi_avg.png,l,Alif_21,created,Sub02_H,9
Sub02_H__Alif_21__r_gi_avg.png,r,Alif_21,created,Sub02_H,9
Sub02_H__Alif_30__l_gi_avg.png,l,Alif_30,created,Sub02_H,13
Sub02_H__Alif_30__r_gi_avg.png,r,Alif_30,created,Sub02_H,13
Sub03_H__Amit_1__l_gi_avg.png,l,Amit_1,created,Sub03_H,29
Sub03_H__Amit_1__r_gi_avg.png,r,Amit_1,created,Sub03_H,29
Sub03_H__Amit_21__l_gi_avg.png,l,Amit_21,created,Sub03_H,16
Sub03_H__Amit_21__r_gi_avg.png,r,Amit_21,created,Sub03_H,20
Sub04_H__ashu_1__l_gi_avg.png,l,ashu_1,created,Sub04_H,2
Sub04_H__ashu_1__r_gi_avg.png,r,ashu_1,created,Sub04_H,19
Sub04_H__ashu_21__l_gi_avg.png,l,ashu_21,created,Sub04_H,4
Sub04_H__ashu_21__r_gi_avg.png,r,ashu_21,created,Sub04_H,20
Sub05_H__sub_1__l_gi_avg.png,l,sub_1,created,Sub05_H,20
Sub05_H__sub_1__r_gi_avg.png,r,sub_1,created,Sub05_H,20
Sub05_H__sub_21__l_gi_avg.png,l,sub_21,created,Sub05_H,17
Sub05_H__sub_21__r_gi_avg.png,r,sub_21,created,Sub05_H,20
Sub06_H__Rishabh_2__l_gi_avg.png,l,Rishabh_2,created,Sub06_H,1
Sub06_H__Rishabh_2__r_gi_avg.png,r,Rishabh_2,created,Sub06_H,1
Sub06_H__Rishabh_3__r_gi_avg.png,r,Rishabh_3,created,Sub06_H,1
Sub06_H__Rishabh_4__l_gi_avg.png,l,Rishabh_4,created,Sub06_H,1
Sub06_H__Rishabh_4__r_gi_avg.png,r,Rishabh_4,created,Sub06_H,1
Sub06_H__Rishabh_7__l_gi_avg.png,l,Rishabh_7,created,Sub06_H,1
Sub06_H__Rishabh_7__r_gi_avg.png,r,Rishabh_7,created,Sub06_H,1
Sub06_H__Rishabh_9__r_gi_avg.png,r,Rishabh_9,created,Sub06_H,1
Sub06_H__Rishabh_10__l_gi_avg.png,l,Rishabh_10,created,Sub06_H,1
Sub06_H__Rishabh_10__r_gi_avg.png,r,Rishabh_10,created,Sub06_H,1
Sub06_H__Rishabh_11__r_gi_avg.png,r,Rishabh_11,created,Sub06_H,1
Sub06_H__Rishabh_12__l_gi_avg.png,l,Rishabh_12,created,Sub06_H,1
Sub06_H__Rishabh_12__r_gi_avg.png,r,Rishabh_12,created,Sub06_H,1
Sub06_H__Rishabh_13__l_gi_avg.png,l,Rishabh_13,created,Sub06_H,1
Sub06_H__Rishabh_13__r_gi_avg.png,r,Rishabh_13,created,Sub06_H,1
Sub06_H__Rishabh_14__l_gi_avg.png,l,Rishabh_14,created,Sub06_H,1
Sub06_H__Rishabh_14__r_gi_avg.png,r,Rishabh_14,created,Sub06_H,1
Sub06_H__Rishabh_15__l_gi_avg.png,l,Rishabh_15,created,Sub06_H,1
Sub06_H__Rishabh_15__r_gi_avg.png,r,Rishabh_15,created,Sub06_H,1
Sub06_H__Rishabh_16__l_gi_avg.png,l,Rishabh_16,created,Sub06_H,1
Sub06_H__Rishabh_16__r_gi_avg.png,r,Rishabh_16,created,Sub06_H,1
Sub06_H__Rishabh_17__l_gi_avg.png,l,Rishabh_17,created,Sub06_H,1
Sub06_H__Rishabh_17__r_gi_avg.png,r,Rishabh_17,created,Sub06_H,1
Sub06_H__Rishabh_18__l_gi_avg.png,l,Rishabh_18,created,Sub06_H,1
Sub06_H__Rishabh_18__r_gi_avg.png,r,Rishabh_18,created,Sub06_H,1
Sub06_H__Rishabh_19__l_gi_avg.png,l,Rishabh_19,created,Sub06_H,1
Sub06_H__Rishabh_19__r_gi_avg.png,r,Rishabh_19,created,Sub06_H,1
Sub06_H__Rishabh_20__l_gi_avg.png,l,Rishabh_20,created,Sub06_H,1
Sub06_H__Rishabh_20__r_gi_avg.png,r,Rishabh_20,created,Sub06_H,1
Sub06_H__Rishabh_23__l_gi_avg.png,l,Rishabh_23,created,Sub06_H,1
Sub06_H__Rishabh_23__r_gi_avg.png,r,Rishabh_23,created,Sub06_H,1
Sub06_H__Rishabh_24__l_gi_avg.png,l,Rishabh_24,created,Sub06_H,1
Sub06_H__Rishabh_24__r_gi_avg.png,r,Rishabh_24,created,Sub06_H,1
Sub06_H__Rishabh_25__l_gi_avg.png,l,Rishabh_25,created,Sub06_H,1
Sub06_H__Rishabh_25__r_gi_avg.png,r,Rishabh_25,created,Sub06_H,1
Sub06_H__Rishabh_26__l_gi_avg.png,l,Rishabh_26,created,Sub06_H,1
Sub06_H__Rishabh_26__r_gi_avg.png,r,Rishabh_26,created,Sub06_H,1
Sub06_H__Rishabh_27__l_gi_avg.png,l,Rishabh_27,created,Sub06_H,1
Sub06_H__Rishabh_27__r_gi_avg.png,r,Rishabh_27,created,Sub06_H,1
Sub06_H__Rishabh_28__l_gi_avg.png,l,Rishabh_28,created,Sub06_H,1
Sub06_H__Rishabh_28__r_gi_avg.png,r,Rishabh_28,created,Sub06_H,1
Sub06_H__Rishabh_29__l_gi_avg.png,l,Rishabh_29,created,Sub06_H,1
Sub06_H__Rishabh_29__r_gi_avg.png,r,Rishabh_29,created,Sub06_H,1
Sub06_H__Rishabh_30__l_gi_avg.png,l,Rishabh_30,created,Sub06_H,1
Sub06_H__Rishabh_30__r_gi_avg.png,r,Rishabh_30,created,Sub06_H,1
Sub06_H__Rishabh_31__l_gi_avg.png,l,Rishabh_31,created,Sub06_H,1
Sub06_H__Rishabh_31__r_gi_avg.png,r,Rishabh_31,created,Sub06_H,1
Sub06_H__Rishabh_32__l_gi_avg.png,l,Rishabh_32,created,Sub06_H,1
Sub06_H__Rishabh_32__r_gi_avg.png,r,Rishabh_32,created,Sub06_H,1
Sub06_H__Rishabh_33__l_gi_avg.png,l,Rishabh_33,created,Sub06_H,1
Sub06_H__Rishabh_33__r_gi_avg.png,r,Rishabh_33,created,Sub06_H,1
Sub06_H__Rishabh_34__l_gi_avg.png,l,Rishabh_34,created,Sub06_H,1
Sub06_H__Rishabh_34__r_gi_avg.png,r,Rishabh_34,created,Sub06_H,1
Sub06_H__Rishabh_35__l_gi_avg.png,l,Rishabh_35,created,Sub06_H,1
Sub06_H__Rishabh_35__r_gi_avg.png,r,Rishabh_35,created,Sub06_H,1
Sub06_H__Rishabh_36__l_gi_avg.png,l,Rishabh_36,created,Sub06_H,1
Sub06_H__Rishabh_36__r_gi_avg.png,r,Rishabh_36,created,Sub06_H,1
Sub06_H__Rishabh_37__l_gi_avg.png,l,Rishabh_37,created,Sub06_H,1
Sub06_H__Rishabh_37__r_gi_avg.png,r,Rishabh_37,created,Sub06_H,1
Sub06_H__Rishabh_38__l_gi_avg.png,l,Rishabh_38,created,Sub06_H,1
Sub06_H__Rishabh_38__r_gi_avg.png,r,Rishabh_38,created,Sub06_H,1
Sub06_H__Rishabh_39__l_gi_avg.png,l,Rishabh_39,created,Sub06_H,1
Sub06_H__Rishabh_39__r_gi_avg.png,r,Rishabh_39,created,Sub06_H,1
Sub06_H__Rishabh_40__l_gi_avg.png,l,Rishabh_40,created,Sub06_H,1
Sub06_H__Rishabh_40__r_gi_avg.png,r,Rishabh_40,created,Sub06_H,1
Sub07_H__rohan_1__r_gi_avg.png,r,rohan_1,created,Sub07_H,1
Sub07_H__rohan_2__l_gi_avg.png,l,rohan_2,created,Sub07_H,1
Sub07_H__rohan_2__r_gi_avg.png,r,rohan_2,created,Sub07_H,1
Sub07_H__rohan_3__l_gi_avg.png,l,rohan_3,created,Sub07_H,1
Sub07_H__rohan_3__r_gi_avg.png,r,rohan_3,created,Sub07_H,1
Sub07_H__rohan_4__l_gi_avg.png,l,rohan_4,created,Sub07_H,1
Sub07_H__rohan_4__r_gi_avg.png,r,rohan_4,created,Sub07_H,1
Sub07_H__rohan_5__l_gi_avg.png,l,rohan_5,created,Sub07_H,1
Sub07_H__rohan_5__r_gi_avg.png,r,rohan_5,created,Sub07_H,1
Sub07_H__rohan_6__l_gi_avg.png,l,rohan_6,created,Sub07_H,1
Sub07_H__rohan_7__l_gi_avg.png,l,rohan_7,created,Sub07_H,1
Sub07_H__rohan_7__r_gi_avg.png,r,rohan_7,created,Sub07_H,1
Sub07_H__rohan_8__l_gi_avg.png,l,rohan_8,created,Sub07_H,1
Sub07_H__rohan_8__r_gi_avg.png,r,rohan_8,created,Sub07_H,1
Sub07_H__rohan_9__l_gi_avg.png,l,rohan_9,created,Sub07_H,1
Sub07_H__rohan_9__r_gi_avg.png,r,rohan_9,created,Sub07_H,1
Sub07_H__rohan_10__l_gi_avg.png,l,rohan_10,created,Sub07_H,1
Sub07_H__rohan_10__r_gi_avg.png,r,rohan_10,created,Sub07_H,1
Sub07_H__rohan_11__l_gi_avg.png,l,rohan_11,created,Sub07_H,1
Sub07_H__rohan_11__r_gi_avg.png,r,rohan_11,created,Sub07_H,1
Sub07_H__rohan_12__l_gi_avg.png,l,rohan_12,created,Sub07_H,1
Sub07_H__rohan_12__r_gi_avg.png,r,rohan_12,created,Sub07_H,1
Sub07_H__rohan_13__l_gi_avg.png,l,rohan_13,created,Sub07_H,8
Sub07_H__rohan_13__r_gi_avg.png,r,rohan_13,created,Sub07_H,8
Sub07_H__rohan_21__l_gi_avg.png,l,rohan_21,created,Sub07_H,9
Sub07_H__rohan_21__r_gi_avg.png,r,rohan_21,created,Sub07_H,9
Sub07_H__rohan_30__l_gi_avg.png,l,rohan_30,created,Sub07_H,11
Sub07_H__rohan_30__r_gi_avg.png,r,rohan_30,created,Sub07_H,11
Sub08_H__sir_1__l_gi_avg.png,l,sir_1,created,Sub08_H,21
Sub08_H__sir_1__r_gi_avg.png,r,sir_1,created,Sub08_H,21
Sub08_H__sir_21__l_gi_avg.png,l,sir_21,created,Sub08_H,20
Sub08_H__sir_21__r_gi_avg.png,r,sir_21,created,Sub08_H,20
