normalized_gi_percent,fmg_channel_7_mean,fmg_channel_7_standard_deviation,contributing_trace_count
0,224.45,221.235163344,40
0.334448160535,224.543060201,221.257394236,40
0.66889632107,224.644314381,221.290372548,40
1.00334448161,224.768979933,221.355169677,40
1.33779264214,224.884280936,221.393121401,40
1.67224080268,225.003344482,221.410304673,40
2.00668896321,225.080351171,221.438406454,40
2.34113712375,225.157608696,221.479997508,40
2.67558528428,225.304682274,221.563903699,40
3.01003344482,225.48770903,221.629391847,40
3.34448160535,225.674247492,221.694269017,40
3.67892976589,225.857943144,221.736407905,40
4.01337792642,225.999832776,221.785689358,40
4.34782608696,226.145652174,221.829676004,40
4.68227424749,226.27458194,221.891964565,40
5.01672240803,226.419983278,221.930944414,40
5.35117056856,226.577842809,221.926435161,40
5.6856187291,226.750752508,221.910774903,40
6.02006688963,226.92583612,221.858118494,40
6.35451505017,227.063879599,221.837006717,40
6.6889632107,227.192056856,221.855999485,40
7.02341137124,227.362458194,221.874718279,40
7.35785953177,227.530016722,221.890067984,40
7.69230769231,227.692307692,221.868772185,40
8.02675585284,227.854431438,221.848491337,40
8.36120401338,228.020819398,221.862740958,40
8.69565217391,228.114130435,221.823815817,40
9.03010033445,228.228762542,221.782300123,40
9.36454849498,228.310702341,221.710996567,40
9.69899665552,228.394983278,221.643305316,40
10.0334448161,228.525167224,221.589119774,40
10.3678929766,228.66638796,221.513618823,40
10.7023411371,228.810284281,221.429871116,40
11.0367892977,228.953177258,221.332317341,40
11.3712374582,229.076254181,221.226526447,40
11.7056856187,229.258319398,221.233995421,40
12.0401337793,229.4625,221.238773809,40
12.3745819398,229.697282609,221.236378975,40
12.7090301003,229.954222408,221.230897934,40
13.0434782609,230.102717391,221.129272915,40
13.3779264214,230.15756689,220.971174207,40
13.7123745819,230.286705686,220.893219098,40
14.0468227425,230.402675585,220.818135135,40
14.381270903,230.524414716,220.739200169,40
14.7157190635,230.647826087,220.674122666,40
15.0501672241,230.888879599,220.700841325,40
15.3846153846,231.027884615,220.529086756,40
15.7190635452,231.088252508,220.256451023,40
16.0535117057,231.06166388,219.97929926,40
16.3879598662,231.043687291,219.702289187,40
16.7224080268,231.01291806,219.468573379,40
17.0568561873,230.956479933,219.284528561,40
17.3913043478,230.947826087,219.178003906,40
17.7257525084,231.014673913,219.191257382,40
18.0602006689,231.026630435,219.137337167,40
18.3946488294,231.009866221,219.009470518,40
18.72909699,230.958779264,218.797115836,40
19.0635451505,230.936622074,218.67884333,40
19.397993311,230.952508361,218.534651469,40
19.7324414716,230.938628763,218.321714157,40
20.0668896321,230.955351171,218.167467044,40
20.4013377926,230.939966555,218.063578556,40
20.7357859532,230.90798495,217.935632495,40
21.0702341137,230.94138796,217.847438794,40
21.4046822742,230.950501672,217.690813228,40
21.7391304348,230.913586957,217.50786367,40
22.0735785953,230.866095318,217.368939443,40
22.4080267559,230.774205686,217.25957311,40
22.7424749164,230.672198997,217.148125512,40
23.0769230769,230.532692308,216.98221738,40
23.4113712375,230.376505017,216.774614202,40
23.745819398,230.192307692,216.502868947,40
24.0802675585,229.94138796,216.243962936,40
24.4147157191,229.630769231,216.049040881,40
24.7491638796,229.380685619,215.766546658,40
25.0836120401,229.137541806,215.463768454,40
25.4180602007,228.799498328,215.123227726,40
25.7525083612,228.471404682,214.830155658,40
26.0869565217,228.160869565,214.550348853,40
26.4214046823,227.824498328,214.241508331,40
26.7558528428,227.481856187,213.946570578,40
27.0903010033,227.117725753,213.560523833,40
27.4247491639,226.695735786,213.180263576,40
27.7591973244,226.126755853,212.790729206,40
28.0936454849,225.728302676,212.547700975,40
28.4280936455,225.379347826,212.365460688,40
28.762541806,224.927132107,212.010063649,40
29.0969899666,224.523327759,211.710798878,40
29.4314381271,224.065175585,211.45173708,40
29.7658862876,223.556856187,211.21025859,40
30.1003344482,223.005476589,210.964054837,40
30.4347826087,222.559782609,210.732876684,40
30.7692307692,222.1625,210.537531702,40
31.1036789298,221.727257525,210.279001447,40
31.4381270903,221.239464883,209.976824953,40
31.7725752508,220.878846154,209.742001939,40
32.1070234114,220.698745819,209.695040433,40
32.4414715719,220.488963211,209.669805953,40
32.7759197324,220.197491639,209.57806466,40
33.110367893,219.852173913,209.4549889,40
33.4448160535,219.626505017,209.312684586,40
33.779264214,219.499916388,209.20352688,40
34.1137123746,219.403093645,209.114972554,40
34.4481605351,219.35326087,209.16553184,40
34.7826086957,219.239130435,209.215483475,40
35.1170568562,219.209531773,209.278134282,40
35.4515050167,218.931187291,209.232931891,40
35.7859531773,218.645986622,209.142260558,40
36.1204013378,218.414882943,209.123622026,40
36.4548494983,218.254682274,209.202938397,40
36.7892976589,218.263837793,209.312228309,40
37.1237458194,218.252090301,209.417103582,40
37.4581939799,218.119523411,209.56234628,40
37.7926421405,217.852299331,209.791508445,40
38.127090301,217.505811037,210.047251011,40
38.4615384615,217.443269231,210.314929745,40
38.7959866221,217.311245819,210.627260971,40
39.1304347826,216.978804348,211.065386972,40
39.4648829431,216.647784281,211.522719323,40
39.7993311037,216.293269231,211.907443697,40
40.1337792642,215.884489967,212.447970581,40
40.4682274247,215.667809365,212.841488883,40
40.8026755853,215.436956522,213.279625769,40
41.1371237458,215.48361204,213.713284989,40
41.4715719064,215.593938127,214.082876236,40
41.8060200669,215.758361204,214.434323751,40
42.1404682274,215.875041806,214.873259355,40
42.474916388,215.904180602,215.33359749,40
42.8093645485,216.034573579,215.684879542,40
43.143812709,216.226254181,216.000470552,40
43.4782608696,216.473913043,216.347156087,40
43.8127090301,216.773244147,216.695360413,40
44.1471571906,217.030434783,217.0734246,40
44.4816053512,217.347533445,217.48532864,40
44.8160535117,217.714297659,217.919613642,40
45.1505016722,218.179556856,218.382717015,40
45.4849498328,218.731688963,218.885411822,40
45.8193979933,219.302591973,219.392080958,40
46.1538461538,219.715384615,219.961451168,40
46.4882943144,220.100919732,220.480527757,40
46.8227424749,220.612959866,221.01694393,40
47.1571906355,221.172491639,221.544788166,40
47.491638796,221.728093645,222.154702837,40
47.8260869565,222.30326087,222.773351445,40
48.1605351171,222.850250836,223.412499218,40
48.4949832776,223.284531773,224.050984614,40
48.8294314381,223.768060201,224.681982747,40
49.1638795987,224.388377926,225.250488782,40
49.4983277592,224.940468227,225.813162851,40
49.8327759197,225.656270903,226.51063167,40
50.1672240803,226.398327759,227.250711113,40
50.5016722408,227.124331104,227.981213094,40
50.8361204013,228.006521739,228.602553131,40
51.1705685619,228.954765886,229.256730185,40
51.5050167224,229.73729097,229.979556598,40
51.8394648829,230.551421405,230.665083919,40
52.1739130435,231.536956522,231.370332928,40
52.508361204,232.531605351,232.085212393,40
52.8428093645,233.468645485,232.777132088,40
53.1772575251,234.353929766,233.459004899,40
53.5117056856,235.182608696,234.241012171,40
53.8461538462,235.948076923,235.066522995,40
54.1806020067,236.704974916,235.85605149,40
54.5150501672,237.425250836,236.617400827,40
54.8494983278,238.107399666,237.284364052,40
55.1839464883,238.755685619,237.916668851,40
55.5183946488,239.463419732,238.589089464,40
55.8528428094,240.245986622,239.482462475,40
56.1872909699,240.996989967,240.308163977,40
56.5217391304,241.651086957,241.018235489,40
56.856187291,242.178595318,241.757064444,40
57.1906354515,242.668436455,242.488166658,40
57.525083612,243.093227425,243.162460506,40
57.8595317726,243.671571906,243.92074478,40
58.1939799331,244.33812709,244.704501869,40
58.5284280936,244.962792642,245.570870477,40
58.8628762542,245.672282609,246.436764624,40
59.1973244147,246.401755853,247.341515727,40
59.5317725753,247.212332776,248.358000239,40
59.8662207358,247.986580268,249.46917576,40
60.2006688963,248.736580268,250.567579217,40
60.5351170569,249.629347826,251.515124282,40
60.8695652174,250.481521739,252.343080887,40
61.2040133779,251.221655518,253.177204491,40
61.5384615385,251.932692308,253.975873142,40
61.872909699,252.580769231,254.821386032,40
62.2073578595,253.11166388,255.652918258,40
62.5418060201,253.657441472,256.480644542,40
62.8762541806,254.256145485,257.351180564,40
63.2107023411,254.877424749,258.202903492,40
63.5451505017,255.585158863,259.024550209,40
63.8795986622,256.32437291,259.829647408,40
64.2140468227,257.023745819,260.447197604,40
64.5484949833,257.702215719,261.104622336,40
64.8829431438,258.296571906,261.811392292,40
65.2173913043,258.983695652,262.552977045,40
65.5518394649,259.722909699,263.203459048,40
65.8862876254,260.484280936,263.699156985,40
66.220735786,261.197909699,264.111885193,40
66.5551839465,261.746404682,264.585717374,40
66.889632107,262.256939799,265.059436978,40
67.2240802676,262.804347826,265.532625233,40
67.5585284281,263.367892977,265.980238761,40
67.8929765886,263.881521739,266.45587806,40
68.2274247492,264.429598662,266.901110291,40
68.5618729097,265.189966555,267.303475311,40
68.8963210702,265.869481605,267.706989048,40
69.2307692308,266.459615385,268.111282142,40
69.5652173913,267.07173913,268.541426921,40
69.8996655518,267.728511706,269.093126313,40
70.2341137124,268.453595318,269.702662724,40
70.5685618729,269.192976589,270.289188248,40
70.9030100334,269.852006689,270.802163852,40
71.237458194,270.474665552,271.288690477,40
71.5719063545,271.107692308,271.764230627,40
71.9063545151,271.713545151,272.228535869,40
72.2408026756,272.310953177,272.721329996,40
72.5752508361,272.977006689,273.169159247,40
72.9096989967,273.598913043,273.633787183,40
73.2441471572,274.147408027,274.160066907,40
73.5785953177,274.860200669,274.733841239,40
73.9130434783,275.594565217,275.341639717,40
74.2474916388,276.398076923,275.919614943,40
74.5819397993,277.162040134,276.492008903,40
74.9163879599,277.886622074,277.060255752,40
75.2508361204,278.354013378,277.623731284,40
75.5852842809,278.747491639,278.193301064,40
75.9197324415,279.06145485,278.781610006,40
76.254180602,279.369899666,279.373060636,40
76.5886287625,279.588210702,279.961646833,40
76.9230769231,279.751923077,280.53268565,40
77.2575250836,279.826505017,281.127508921,40
77.5919732441,280.025250836,281.708150123,40
77.9264214047,280.306521739,282.267234884,40
78.2608695652,280.809782609,282.797015464,40
78.5953177258,281.248745819,283.235745649,40
78.9297658863,281.728511706,283.690916297,40
79.2642140468,282.238210702,284.168174473,40
79.5986622074,282.76229097,284.611542076,40
79.9331103679,283.42111204,284.95487529,40
80.2675585284,284.490635452,285.279111475,40
80.602006689,285.705727425,285.603178245,40
80.9364548495,286.865719064,285.986740459,40
81.27090301,287.956563545,286.378958345,40
81.6053511706,288.906939799,286.798000191,40
81.9397993311,289.71229097,287.223632042,40
82.2742474916,290.448076923,287.692634946,40
82.6086956522,291.269565217,288.167126734,40
82.9431438127,292.082107023,288.675850838,40
83.2775919732,293.02090301,289.221644498,40
83.6120401338,294.005936455,289.763634909,40
83.9464882943,295.102926421,290.312437003,40
84.2809364548,296.132190635,290.893133952,40
84.6153846154,297.111538462,291.486724123,40
84.9498327759,298.078428094,292.08940959,40
85.2842809365,298.964924749,292.68331973,40
85.618729097,300.071697324,293.373589399,40
85.9531772575,301.259991639,294.06480025,40
86.2876254181,302.287583612,294.688727709,40
86.6220735786,303.205058528,295.271027131,40
86.9565217391,304.092934783,295.913116343,40
87.2909698997,304.886078595,296.512052287,40
87.6254180602,305.576505017,297.099239218,40
87.9598662207,306.32048495,297.726215519,40
88.2943143813,307.004765886,298.434756852,40
88.6287625418,307.701170569,299.109722082,40
88.9632107023,308.440133779,299.829766482,40
89.2976588629,309.198244147,300.383379741,40
89.6321070234,310.040719064,300.967359991,40
89.9665551839,310.886622074,301.599975714,40
90.3010033445,311.683277592,302.23498778,40
90.635451505,312.603511706,302.888272773,40
90.9698996656,313.479765886,303.457851199,40
91.3043478261,314.319565217,304.076711939,40
91.6387959866,315.22541806,304.758656975,40
91.9732441472,316.134448161,305.449129157,40
92.3076923077,316.998076923,306.122874587,40
92.6421404682,317.794816054,306.722929296,40
92.9765886288,318.553177258,307.31242373,40
93.3110367893,319.240384615,307.873783309,40
93.6454849498,319.901421405,308.395468451,40
93.9799331104,320.617892977,308.946831271,40
94.3143812709,321.332859532,309.499289028,40
94.6488294314,322.010535117,310.026784451,40
94.983277592,322.638294314,310.540299915,40
95.3177257525,323.152132107,310.946401407,40
95.652173913,323.6,311.291084579,40
95.9866220736,324.026714047,311.642000729,40
96.3210702341,324.501505017,312.001141134,40
96.6555183946,324.950752508,312.355087004,40
96.9899665552,325.279682274,312.656388892,40
97.3244147157,325.629765886,312.931725218,40
97.6588628763,325.973829431,313.208265907,40
97.9933110368,326.354765886,313.413296336,40
98.3277591973,326.728846154,313.577910771,40
98.6622073579,327.033277592,313.751662224,40
98.9966555184,327.29180602,313.903997791,40
99.3311036789,327.484364548,313.997099088,40
99.6655518395,327.648076923,314.046746177,40
100,327.7875,314.079705001,40
