png,source_segmented_csv,source_complete_graph,method,status,qs_samples,qs_seconds
Sub01_H/abh_21/trial_22_l.png,tempgraphs/sub01_h/segmented_data/abh_21/trial_22_l_segmented.csv,tempgraphs/sub01_h/abh_21/trial_22_l_complete.png,existing segmented-data QS samples; used because raw trigger pairing is incomplete,created,261,2.61
Sub01_H/abh_21/trial_22_r.png,tempgraphs/sub01_h/segmented_data/abh_21/trial_22_r_segmented.csv,tempgraphs/sub01_h/abh_21/trial_22_r_complete.png,existing segmented-data QS samples; used because raw trigger pairing is incomplete,created,261,2.61
Sub04_H/ashu_1/trial_20_l.png,tempgraphs/sub04_h/segmented_data/ashu_1/trial_20_l_segmented.csv,tempgraphs/sub04_h/ashu_1/trial_20_l_complete.png,existing segmented-data QS samples; used because raw trigger pairing is incomplete,created,9,0.09
Sub04_H/ashu_1/trial_20_r.png,tempgraphs/sub04_h/segmented_data/ashu_1/trial_20_r_segmented.csv,tempgraphs/sub04_h/ashu_1/trial_20_r_complete.png,existing segmented-data QS samples; used because raw trigger pairing is incomplete,created,9,0.09
Sub06_H/Rishabh_1/trial_01_l.png,tempgraphs/sub06_h/segmented_data/Rishabh_1/trial_01_l_segmented.csv,tempgraphs/sub06_h/Rishabh_1/trial_01_l_complete.png,existing segmented-data QS samples; used because raw trigger pairing is incomplete,created,311,3.11
Sub06_H/Rishabh_1/trial_01_r.png,tempgraphs/sub06_h/segmented_data/Rishabh_1/trial_01_r_segmented.csv,tempgraphs/sub06_h/Rishabh_1/trial_01_r_complete.png,existing segmented-data QS samples; used because raw trigger pairing is incomplete,created,311,3.11
Sub06_H/Rishabh_11/trial_01_l.png,tempgraphs/sub06_h/segmented_data/Rishabh_11/trial_01_l_segmented.csv,tempgraphs/sub06_h/Rishabh_11/trial_01_l_complete.png,existing segmented-data QS samples; used because raw trigger pairing is incomplete,created,214,2.14
Sub06_H/Rishabh_21/trial_01_l.png,tempgraphs/sub06_h/segmented_data/Rishabh_21/trial_01_l_segmented.csv,tempgraphs/sub06_h/Rishabh_21/trial_01_l_complete.png,existing segmented-data QS samples; used because raw trigger pairing is incomplete,created,343,3.43
Sub06_H/Rishabh_21/trial_01_r.png,tempgraphs/sub06_h/segmented_data/Rishabh_21/trial_01_r_segmented.csv,tempgraphs/sub06_h/Rishabh_21/trial_01_r_complete.png,existing segmented-data QS samples; used because raw trigger pairing is incomplete,created,343,3.43
Sub06_H/Rishabh_22/trial_01_l.png,tempgraphs/sub06_h/segmented_data/Rishabh_22/trial_01_l_segmented.csv,tempgraphs/sub06_h/Rishabh_22/trial_01_l_complete.png,existing segmented-data QS samples; used because raw trigger pairing is incomplete,created,389,3.89
Sub06_H/Rishabh_22/trial_01_r.png,tempgraphs/sub06_h/segmented_data/Rishabh_22/trial_01_r_segmented.csv,tempgraphs/sub06_h/Rishabh_22/trial_01_r_complete.png,existing segmented-data QS samples; used because raw trigger pairing is incomplete,created,389,3.89
Sub06_H/Rishabh_3/trial_01_l.png,tempgraphs/sub06_h/segmented_data/Rishabh_3/trial_01_l_segmented.csv,tempgraphs/sub06_h/Rishabh_3/trial_01_l_complete.png,existing segmented-data QS samples; used because raw trigger pairing is incomplete,created,366,3.66
Sub06_H/Rishabh_5/trial_01_l.png,tempgraphs/sub06_h/segmented_data/Rishabh_5/trial_01_l_segmented.csv,tempgraphs/sub06_h/Rishabh_5/trial_01_l_complete.png,existing segmented-data QS samples; used because raw trigger pairing is incomplete,created,495,4.95
Sub06_H/Rishabh_5/trial_01_r.png,tempgraphs/sub06_h/segmented_data/Rishabh_5/trial_01_r_segmented.csv,tempgraphs/sub06_h/Rishabh_5/trial_01_r_complete.png,existing segmented-data QS samples; used because raw trigger pairing is incomplete,created,495,4.95
Sub06_H/Rishabh_6/trial_01_l.png,tempgraphs/sub06_h/segmented_data/Rishabh_6/trial_01_l_segmented.csv,tempgraphs/sub06_h/Rishabh_6/trial_01_l_complete.png,existing segmented-data QS samples; used because raw trigger pairing is incomplete,created,290,2.9
Sub06_H/Rishabh_6/trial_01_r.png,tempgraphs/sub06_h/segmented_data/Rishabh_6/trial_01_r_segmented.csv,tempgraphs/sub06_h/Rishabh_6/trial_01_r_complete.png,existing segmented-data QS samples; used because raw trigger pairing is incomplete,created,290,2.9
Sub06_H/Rishabh_8/trial_01_l.png,tempgraphs/sub06_h/segmented_data/Rishabh_8/trial_01_l_segmented.csv,tempgraphs/sub06_h/Rishabh_8/trial_01_l_complete.png,existing segmented-data QS samples; used because raw trigger pairing is incomplete,created,381,3.81
Sub06_H/Rishabh_8/trial_01_r.png,tempgraphs/sub06_h/segmented_data/Rishabh_8/trial_01_r_segmented.csv,tempgraphs/sub06_h/Rishabh_8/trial_01_r_complete.png,existing segmented-data QS samples; used because raw trigger pairing is incomplete,created,381,3.81
Sub06_H/Rishabh_9/trial_01_l.png,tempgraphs/sub06_h/segmented_data/Rishabh_9/trial_01_l_segmented.csv,tempgraphs/sub06_h/Rishabh_9/trial_01_l_complete.png,existing segmented-data QS samples; used because raw trigger pairing is incomplete,created,338,3.38
Sub07_H/rohan_1/trial_01_l.png,tempgraphs/sub07_h/segmented_data/rohan_1/trial_01_l_segmented.csv,tempgraphs/sub07_h/rohan_1/trial_01_l_complete.png,existing segmented-data QS samples; used because raw trigger pairing is incomplete,created,446,4.46
Sub07_H/rohan_13/trial_09_l.png,tempgraphs/sub07_h/segmented_data/rohan_13/trial_09_l_segmented.csv,tempgraphs/sub07_h/rohan_13/trial_09_l_complete.png,existing segmented-data QS samples; used because raw trigger pairing is incomplete,created,466,4.66
Sub07_H/rohan_13/trial_09_r.png,tempgraphs/sub07_h/segmented_data/rohan_13/trial_09_r_segmented.csv,tempgraphs/sub07_h/rohan_13/trial_09_r_complete.png,existing segmented-data QS samples; used because raw trigger pairing is incomplete,created,466,4.66
Sub07_H/rohan_13/trial_10_l.png,tempgraphs/sub07_h/segmented_data/rohan_13/trial_10_l_segmented.csv,tempgraphs/sub07_h/rohan_13/trial_10_l_complete.png,existing segmented-data QS samples; used because raw trigger pairing is incomplete,created,378,3.78
Sub07_H/rohan_13/trial_10_r.png,tempgraphs/sub07_h/segmented_data/rohan_13/trial_10_r_segmented.csv,tempgraphs/sub07_h/rohan_13/trial_10_r_complete.png,existing segmented-data QS samples; used because raw trigger pairing is incomplete,created,378,3.78
Sub07_H/rohan_3/trial_02_l.png,tempgraphs/sub07_h/segmented_data/rohan_3/trial_02_l_segmented.csv,tempgraphs/sub07_h/rohan_3/trial_02_l_complete.png,existing segmented-data QS samples; used because raw trigger pairing is incomplete,created,423,4.23
Sub07_H/rohan_3/trial_02_r.png,tempgraphs/sub07_h/segmented_data/rohan_3/trial_02_r_segmented.csv,tempgraphs/sub07_h/rohan_3/trial_02_r_complete.png,existing segmented-data QS samples; used because raw trigger pairing is incomplete,created,423,4.23
Sub07_H/rohan_6/trial_01_r.png,tempgraphs/sub07_h/segmented_data/rohan_6/trial_01_r_segmented.csv,tempgraphs/sub07_h/rohan_6/trial_01_r_complete.png,existing segmented-data QS samples; used because raw trigger pairing is incomplete,created,287,2.87
