alternative_transition_end_seconds,alternative_transition_start_seconds,clock_offset_seconds,flags,fmg_edges,fmg_gaps,full_fmg_seconds,full_insole_seconds,gi_end_seconds,gt_start_seconds,insole_edges,insole_gaps,invalid_fmg_rows_in_source,invalid_insole_rows_in_source,load_peaks_left,load_peaks_right,matched_edges,max_matched_residual_seconds,missing_fmg_edge_numbers,nonmonotonic_or_duplicate_timestamps,onset_seconds,png,record,reference_limb,segmented_csv,sequence_assumption,side,slt_end_seconds,slt_start_seconds,status,transition_improvement,transition_support,trial,trigger_boundary_status,trigger_end_error_seconds
11.04,5.19,2.7000000000000455,All events provisional; pressure extrema are not heel-strike labels; SLT timing ambiguous,40,0,19.109999999999957,19.110000000000014,2.55,15.04,40,0,7,4,12,12,40,0.010000000000104592,[],41,2.14,sub_1/trial_01_l_complete.png,sub_1,L,segmented_data\sub_1\trial_01_l_segmented.csv,"QS-GI-SSSW-SLT-SSLW-GT; short-to-long requested, not verified",L,6.66,5.19,provisional six-phase fit,0.2877,weak/ambiguous pattern evidence,1,observed,5.684341886080802e-14
11.04,5.19,12.879999999999995,All events provisional; pressure extrema are not heel-strike labels; SLT timing ambiguous,40,0,19.109999999999957,19.099999999999966,2.55,15.04,40,0,7,6,12,12,40,0.010000000000104592,[],41,2.14,sub_1/trial_01_r_complete.png,sub_1,L,segmented_data\sub_1\trial_01_r_segmented.csv,"QS-GI-SSSW-SLT-SSLW-GT; short-to-long requested, not verified",R,6.66,5.19,provisional six-phase fit,0.2877,weak/ambiguous pattern evidence,1,observed,-0.009999999999990905
10.38,7.99,2.7000000000000455,All events provisional; pressure extrema are not heel-strike labels,40,0,18.72999999999996,18.720000000000027,2.48,14.81,40,0,7,4,11,12,40,0.010000000000104592,[],53,1.95,sub_1/trial_02_l_complete.png,sub_1,R,segmented_data\sub_1\trial_02_l_segmented.csv,"QS-GI-SSSW-SLT-SSLW-GT; short-to-long requested, not verified",L,9.14,7.99,provisional six-phase fit,0.5949,moderate pattern evidence,2,observed,-0.009999999999934062
10.38,7.99,12.879999999999995,All events provisional; pressure extrema are not heel-strike labels,40,0,18.72999999999996,18.70999999999998,2.48,14.81,40,0,7,6,11,12,40,0.010000000000104592,[],53,1.95,sub_1/trial_02_r_complete.png,sub_1,R,segmented_data\sub_1\trial_02_r_segmented.csv,"QS-GI-SSSW-SLT-SSLW-GT; short-to-long requested, not verified",R,9.14,7.99,provisional six-phase fit,0.5949,moderate pattern evidence,2,observed,-0.01999999999998181
12.11,5.84,2.7000000000000455,All events provisional; pressure extrema are not heel-strike labels; SLT timing ambiguous,40,0,20.47999999999996,20.480000000000018,3.28,16.19,40,0,7,4,12,12,40,0.010000000000104592,[],51,2.82,sub_1/trial_03_l_complete.png,sub_1,L,segmented_data\sub_1\trial_03_l_segmented.csv,"QS-GI-SSSW-SLT-SSLW-GT; short-to-long requested, not verified",L,7.41,5.84,provisional six-phase fit,0.2405,weak/ambiguous pattern evidence,3,observed,5.684341886080802e-14
12.11,5.84,12.879999999999995,All events provisional; pressure extrema are not heel-strike labels; SLT timing ambiguous,40,0,20.47999999999996,20.49000000000001,3.28,16.19,40,0,7,6,12,12,40,0.010000000000104592,[],51,2.82,sub_1/trial_03_r_complete.png,sub_1,L,segmented_data\sub_1\trial_03_r_segmented.csv,"QS-GI-SSSW-SLT-SSLW-GT; short-to-long requested, not verified",R,7.41,5.84,provisional six-phase fit,0.2405,weak/ambiguous pattern evidence,3,observed,0.010000000000047748
14.22,9.19,2.7000000000000455,All events provisional; pressure extrema are not heel-strike labels; SLT timing ambiguous,40,0,22.660000000000025,22.670000000000016,4.39,17.61,40,0,7,4,11,12,40,0.010000000000104592,[],88,3.93,sub_1/trial_04_l_complete.png,sub_1,R,segmented_data\sub_1\trial_04_l_segmented.csv,"QS-GI-SSSW-SLT-SSLW-GT; short-to-long requested, not verified",L,11.71,10.42,provisional six-phase fit,0.3903,weak/ambiguous pattern evidence,4,observed,0.009999999999990905
14.22,9.19,12.879999999999995,All events provisional; pressure extrema are not heel-strike labels; SLT timing ambiguous,40,0,22.660000000000025,22.670000000000016,4.39,17.61,40,0,7,6,11,12,40,0.010000000000104592,[],88,3.93,sub_1/trial_04_r_complete.png,sub_1,R,segmented_data\sub_1\trial_04_r_segmented.csv,"QS-GI-SSSW-SLT-SSLW-GT; short-to-long requested, not verified",R,11.71,10.42,provisional six-phase fit,0.3903,weak/ambiguous pattern evidence,4,observed,0.009999999999990905
11.11,5.33,2.7000000000000455,All events provisional; pressure extrema are not heel-strike labels; SLT timing ambiguous,40,0,18.370000000000005,18.389999999999986,2.46,15.04,40,0,7,4,12,12,40,0.010000000000104592,[],60,2.08,sub_1/trial_05_l_complete.png,sub_1,L,segmented_data\sub_1\trial_05_l_segmented.csv,"QS-GI-SSSW-SLT-SSLW-GT; short-to-long requested, not verified",L,8.75,7.5,provisional six-phase fit,0.3462,weak/ambiguous pattern evidence,5,observed,0.01999999999998181
11.11,5.33,12.879999999999995,All events provisional; pressure extrema are not heel-strike labels; SLT timing ambiguous,40,0,18.370000000000005,18.379999999999995,2.46,15.04,40,0,7,6,12,12,40,0.010000000000104592,[],60,2.08,sub_1/trial_05_r_complete.png,sub_1,L,segmented_data\sub_1\trial_05_r_segmented.csv,"QS-GI-SSSW-SLT-SSLW-GT; short-to-long requested, not verified",R,8.75,7.5,provisional six-phase fit,0.3462,weak/ambiguous pattern evidence,5,observed,0.009999999999990905
10.77,7.29,2.7000000000000455,All events provisional; pressure extrema are not heel-strike labels; SLT timing ambiguous,40,0,19.25999999999999,19.25,2.68,14.9,40,0,7,4,11,12,40,0.010000000000104592,[],53,2.15,sub_1/trial_06_l_complete.png,sub_1,R,segmented_data\sub_1\trial_06_l_segmented.csv,"QS-GI-SSSW-SLT-SSLW-GT; short-to-long requested, not verified",L,10.77,9.71,provisional six-phase fit,0.3056,weak/ambiguous pattern evidence,6,observed,-0.009999999999990905
10.77,7.29,12.879999999999995,All events provisional; pressure extrema are not heel-strike labels; SLT timing ambiguous,40,0,19.25999999999999,19.27000000000004,2.68,14.9,40,0,7,6,11,12,40,0.010000000000104592,[],53,2.15,sub_1/trial_06_r_complete.png,sub_1,R,segmented_data\sub_1\trial_06_r_segmented.csv,"QS-GI-SSSW-SLT-SSLW-GT; short-to-long requested, not verified",R,10.77,9.71,provisional six-phase fit,0.3056,weak/ambiguous pattern evidence,6,observed,0.010000000000047748
10.06,5.17,2.7000000000000455,All events provisional; pressure extrema are not heel-strike labels; SLT timing ambiguous,40,0,19.569999999999993,19.569999999999993,2.61,15.63,40,0,7,4,12,12,40,0.010000000000104592,[],65,2.21,sub_1/trial_07_l_complete.png,sub_1,L,segmented_data\sub_1\trial_07_l_segmented.csv,"QS-GI-SSSW-SLT-SSLW-GT; short-to-long requested, not verified",L,8.62,7.45,provisional six-phase fit,0.4849,weak/ambiguous pattern evidence,7,observed,0.0
10.06,5.17,12.879999999999995,All events provisional; pressure extrema are not heel-strike labels; SLT timing ambiguous,40,0,19.569999999999993,19.569999999999993,2.61,15.63,40,0,7,6,12,12,40,0.010000000000104592,[],65,2.21,sub_1/trial_07_r_complete.png,sub_1,L,segmented_data\sub_1\trial_07_r_segmented.csv,"QS-GI-SSSW-SLT-SSLW-GT; short-to-long requested, not verified",R,8.62,7.45,provisional six-phase fit,0.4849,weak/ambiguous pattern evidence,7,observed,0.0
13.02,9.43,2.7000000000000455,All events provisional; pressure extrema are not heel-strike labels; SLT timing ambiguous,40,0,20.420000000000016,20.409999999999968,3.36,16.62,40,0,7,4,11,12,40,0.010000000000104592,[],46,2.98,sub_1/trial_08_l_complete.png,sub_1,R,segmented_data\sub_1\trial_08_l_segmented.csv,"QS-GI-SSSW-SLT-SSLW-GT; short-to-long requested, not verified",L,11.78,10.59,provisional six-phase fit,0.3641,weak/ambiguous pattern evidence,8,observed,-0.010000000000047748
13.02,9.43,12.879999999999995,All events provisional; pressure extrema are not heel-strike labels; SLT timing ambiguous,40,0,20.420000000000016,20.410000000000025,3.36,16.62,40,0,7,6,11,12,40,0.010000000000104592,[],46,2.98,sub_1/trial_08_r_complete.png,sub_1,R,segmented_data\sub_1\trial_08_r_segmented.csv,"QS-GI-SSSW-SLT-SSLW-GT; short-to-long requested, not verified",R,11.78,10.59,provisional six-phase fit,0.3641,weak/ambiguous pattern evidence,8,observed,-0.009999999999990905
11.94,8.36,2.7000000000000455,All events provisional; pressure extrema are not heel-strike labels; SLT timing ambiguous,40,0,20.090000000000032,20.079999999999984,2.94,15.93,40,0,7,4,12,12,40,0.010000000000104592,[],42,2.57,sub_1/trial_09_l_complete.png,sub_1,L,segmented_data\sub_1\trial_09_l_segmented.csv,"QS-GI-SSSW-SLT-SSLW-GT; short-to-long requested, not verified",L,10.33,9.45,provisional six-phase fit,0.3129,weak/ambiguous pattern evidence,9,observed,-0.010000000000047748
11.94,8.36,12.879999999999995,All events provisional; pressure extrema are not heel-strike labels; SLT timing ambiguous,40,0,20.090000000000032,20.08000000000004,2.94,15.93,40,0,7,6,12,12,40,0.010000000000104592,[],42,2.57,sub_1/trial_09_r_complete.png,sub_1,L,segmented_data\sub_1\trial_09_r_segmented.csv,"QS-GI-SSSW-SLT-SSLW-GT; short-to-long requested, not verified",R,10.33,9.45,provisional six-phase fit,0.3129,weak/ambiguous pattern evidence,9,observed,-0.009999999999990905
12.68,9.14,2.7000000000000455,All events provisional; pressure extrema are not heel-strike labels; SLT timing ambiguous,40,0,21.39999999999992,21.409999999999968,3.3,15.65,40,0,7,4,11,12,40,0.010000000000104592,[],76,2.78,sub_1/trial_10_l_complete.png,sub_1,R,segmented_data\sub_1\trial_10_l_segmented.csv,"QS-GI-SSSW-SLT-SSLW-GT; short-to-long requested, not verified",L,11.52,10.33,provisional six-phase fit,0.3452,weak/ambiguous pattern evidence,10,observed,0.010000000000047748
12.68,9.14,12.879999999999995,All events provisional; pressure extrema are not heel-strike labels; SLT timing ambiguous,40,0,21.39999999999992,21.410000000000082,3.3,15.65,40,0,7,6,11,12,40,0.010000000000104592,[],76,2.78,sub_1/trial_10_r_complete.png,sub_1,R,segmented_data\sub_1\trial_10_r_segmented.csv,"QS-GI-SSSW-SLT-SSLW-GT; short-to-long requested, not verified",R,11.52,10.33,provisional six-phase fit,0.3452,weak/ambiguous pattern evidence,10,observed,0.010000000000161435
10.52,4.36,2.7000000000000455,All events provisional; pressure extrema are not heel-strike labels; SLT timing ambiguous,40,0,18.050000000000068,18.059999999999945,1.81,14.43,40,0,7,4,12,12,40,0.010000000000104592,[],52,1.49,sub_1/trial_11_l_complete.png,sub_1,L,segmented_data\sub_1\trial_11_l_segmented.csv,"QS-GI-SSSW-SLT-SSLW-GT; short-to-long requested, not verified",L,8.94,8.19,provisional six-phase fit,0.3412,weak/ambiguous pattern evidence,11,observed,0.009999999999877218
10.52,4.36,12.879999999999995,All events provisional; pressure extrema are not heel-strike labels; SLT timing ambiguous,40,0,18.050000000000068,18.050000000000068,1.81,14.43,40,0,7,6,12,12,40,0.010000000000104592,[],52,1.49,sub_1/trial_11_r_complete.png,sub_1,L,segmented_data\sub_1\trial_11_r_segmented.csv,"QS-GI-SSSW-SLT-SSLW-GT; short-to-long requested, not verified",R,8.94,8.19,provisional six-phase fit,0.3412,weak/ambiguous pattern evidence,11,observed,0.0
12.11,5.07,2.7000000000000455,All events provisional; pressure extrema are not heel-strike labels; SLT timing ambiguous,40,0,20.220000000000027,20.220000000000027,2.79,15.22,40,0,7,4,11,12,40,0.010000000000104592,[],64,2.29,sub_1/trial_12_l_complete.png,sub_1,R,segmented_data\sub_1\trial_12_l_segmented.csv,"QS-GI-SSSW-SLT-SSLW-GT; short-to-long requested, not verified",L,9.87,8.65,provisional six-phase fit,0.3067,weak/ambiguous pattern evidence,12,observed,0.0
12.11,5.07,12.879999999999995,All events provisional; pressure extrema are not heel-strike labels; SLT timing ambiguous,40,0,20.220000000000027,20.210000000000036,2.79,15.22,40,0,7,6,11,12,40,0.010000000000104592,[],64,2.29,sub_1/trial_12_r_complete.png,sub_1,R,segmented_data\sub_1\trial_12_r_segmented.csv,"QS-GI-SSSW-SLT-SSLW-GT; short-to-long requested, not verified",R,9.87,8.65,provisional six-phase fit,0.3067,weak/ambiguous pattern evidence,12,observed,-0.009999999999990905
12.63,8.97,2.7000000000000455,All events provisional; pressure extrema are not heel-strike labels; SLT timing ambiguous,40,0,20.819999999999936,20.83000000000004,3.46,16.59,40,0,7,4,12,12,40,0.010000000000104592,[],45,3.0,sub_1/trial_13_l_complete.png,sub_1,L,segmented_data\sub_1\trial_13_l_segmented.csv,"QS-GI-SSSW-SLT-SSLW-GT; short-to-long requested, not verified",L,11.16,10.13,provisional six-phase fit,0.3249,weak/ambiguous pattern evidence,13,observed,0.010000000000104592
12.63,8.97,12.879999999999995,All events provisional; pressure extrema are not heel-strike labels; SLT timing ambiguous,40,0,20.819999999999936,20.829999999999927,3.46,16.59,40,0,7,6,12,12,40,0.010000000000104592,[],45,3.0,sub_1/trial_13_r_complete.png,sub_1,L,segmented_data\sub_1\trial_13_r_segmented.csv,"QS-GI-SSSW-SLT-SSLW-GT; short-to-long requested, not verified",R,11.16,10.13,provisional six-phase fit,0.3249,weak/ambiguous pattern evidence,13,observed,0.009999999999990905
10.85,7.27,2.7000000000000455,All events provisional; pressure extrema are not heel-strike labels; SLT timing ambiguous,40,0,19.100000000000023,19.100000000000023,2.53,15.23,40,0,7,4,11,12,40,0.010000000000104592,[],30,2.09,sub_1/trial_14_l_complete.png,sub_1,R,segmented_data\sub_1\trial_14_l_segmented.csv,"QS-GI-SSSW-SLT-SSLW-GT; short-to-long requested, not verified",L,10.85,9.7,provisional six-phase fit,0.386,weak/ambiguous pattern evidence,14,observed,0.0
10.85,7.27,12.879999999999995,All events provisional; pressure extrema are not heel-strike labels; SLT timing ambiguous,40,0,19.100000000000023,19.110000000000014,2.53,15.23,40,0,7,6,11,12,40,0.010000000000104592,[],30,2.09,sub_1/trial_14_r_complete.png,sub_1,R,segmented_data\sub_1\trial_14_r_segmented.csv,"QS-GI-SSSW-SLT-SSLW-GT; short-to-long requested, not verified",R,10.85,9.7,provisional six-phase fit,0.386,weak/ambiguous pattern evidence,14,observed,0.009999999999990905
10.99,6.15,2.7000000000000455,All events provisional; pressure extrema are not heel-strike labels; SLT timing ambiguous,40,0,20.25999999999999,20.25,3.28,16.15,40,0,7,4,12,12,40,0.010000000000104592,[],40,2.87,sub_1/trial_15_l_complete.png,sub_1,L,segmented_data\sub_1\trial_15_l_segmented.csv,"QS-GI-SSSW-SLT-SSLW-GT; short-to-long requested, not verified",L,10.99,9.34,provisional six-phase fit,0.3076,weak/ambiguous pattern evidence,15,observed,-0.009999999999990905
10.99,6.15,12.879999999999995,All events provisional; pressure extrema are not heel-strike labels; SLT timing ambiguous,40,0,20.25999999999999,20.25,3.28,16.15,40,0,7,6,12,12,40,0.010000000000104592,[],40,2.87,sub_1/trial_15_r_complete.png,sub_1,L,segmented_data\sub_1\trial_15_r_segmented.csv,"QS-GI-SSSW-SLT-SSLW-GT; short-to-long requested, not verified",R,10.99,9.34,provisional six-phase fit,0.3076,weak/ambiguous pattern evidence,15,observed,-0.009999999999990905
12.17,4.77,2.7000000000000455,All events provisional; pressure extrema are not heel-strike labels; SLT timing ambiguous,40,0,21.8599999999999,21.860000000000014,2.64,15.21,40,0,7,4,11,12,40,0.010000000000104592,[],43,1.76,sub_1/trial_16_l_complete.png,sub_1,R,segmented_data\sub_1\trial_16_l_segmented.csv,"QS-GI-SSSW-SLT-SSLW-GT; short-to-long requested, not verified",L,9.84,8.63,provisional six-phase fit,0.3031,weak/ambiguous pattern evidence,16,observed,1.1368683772161603e-13
12.17,4.77,12.879999999999995,All events provisional; pressure extrema are not heel-strike labels; SLT timing ambiguous,40,0,21.8599999999999,21.870000000000005,2.64,15.21,40,0,7,6,11,12,40,0.010000000000104592,[],43,1.76,sub_1/trial_16_r_complete.png,sub_1,R,segmented_data\sub_1\trial_16_r_segmented.csv,"QS-GI-SSSW-SLT-SSLW-GT; short-to-long requested, not verified",R,9.84,8.63,provisional six-phase fit,0.3031,weak/ambiguous pattern evidence,16,observed,0.010000000000104592
15.46,10.66,2.7000000000000455,All events provisional; pressure extrema are not heel-strike labels; SLT timing ambiguous,40,0,24.42999999999995,24.440000000000055,7.3,19.56,40,0,7,4,12,11,40,0.010000000000104592,[],48,6.49,sub_1/trial_17_l_complete.png,sub_1,L,segmented_data\sub_1\trial_17_l_segmented.csv,"QS-GI-SSSW-SLT-SSLW-GT; short-to-long requested, not verified",L,12.89,11.46,provisional six-phase fit,0.3221,weak/ambiguous pattern evidence,17,observed,0.010000000000104592
15.46,10.66,12.879999999999995,All events provisional; pressure extrema are not heel-strike labels; SLT timing ambiguous,40,0,24.42999999999995,24.42999999999995,7.3,19.56,40,0,7,6,12,11,40,0.010000000000104592,[],48,6.49,sub_1/trial_17_r_complete.png,sub_1,L,segmented_data\sub_1\trial_17_r_segmented.csv,"QS-GI-SSSW-SLT-SSLW-GT; short-to-long requested, not verified",R,12.89,11.46,provisional six-phase fit,0.3221,weak/ambiguous pattern evidence,17,observed,0.0
11.88,4.84,2.7000000000000455,All events provisional; pressure extrema are not heel-strike labels; SLT timing ambiguous,40,0,19.17999999999995,19.180000000000064,2.47,15.41,40,0,7,4,11,12,40,0.010000000000104592,[],55,1.9,sub_1/trial_18_l_complete.png,sub_1,R,segmented_data\sub_1\trial_18_l_segmented.csv,"QS-GI-SSSW-SLT-SSLW-GT; short-to-long requested, not verified",L,10.71,9.57,provisional six-phase fit,0.2274,weak/ambiguous pattern evidence,18,observed,1.1368683772161603e-13
11.88,4.84,12.879999999999995,All events provisional; pressure extrema are not heel-strike labels; SLT timing ambiguous,40,0,19.17999999999995,19.16999999999996,2.47,15.41,40,0,7,6,11,12,40,0.010000000000104592,[],55,1.9,sub_1/trial_18_r_complete.png,sub_1,R,segmented_data\sub_1\trial_18_r_segmented.csv,"QS-GI-SSSW-SLT-SSLW-GT; short-to-long requested, not verified",R,10.71,9.57,provisional six-phase fit,0.2274,weak/ambiguous pattern evidence,18,observed,-0.009999999999990905
11.38,5.58,2.7000000000000455,All events provisional; pressure extrema are not heel-strike labels; SLT timing ambiguous,40,0,19.539999999999964,19.550000000000068,2.89,15.14,40,0,7,4,11,11,40,0.010000000000104592,[],38,2.31,sub_1/trial_19_l_complete.png,sub_1,L,segmented_data\sub_1\trial_19_l_segmented.csv,"QS-GI-SSSW-SLT-SSLW-GT; short-to-long requested, not verified",L,6.38,5.58,provisional six-phase fit,0.2366,weak/ambiguous pattern evidence,19,observed,0.010000000000104592
11.38,5.58,12.879999999999995,All events provisional; pressure extrema are not heel-strike labels; SLT timing ambiguous,40,0,19.539999999999964,19.540000000000077,2.89,15.14,40,0,7,6,11,11,40,0.010000000000104592,[],38,2.31,sub_1/trial_19_r_complete.png,sub_1,L,segmented_data\sub_1\trial_19_r_segmented.csv,"QS-GI-SSSW-SLT-SSLW-GT; short-to-long requested, not verified",R,6.38,5.58,provisional six-phase fit,0.2366,weak/ambiguous pattern evidence,19,observed,1.1368683772161603e-13
12.32,7.6,2.7000000000000455,All events provisional; pressure extrema are not heel-strike labels; SLT timing ambiguous,40,0,19.32000000000005,19.329999999999927,2.84,15.63,40,0,7,4,11,12,40,0.010000000000104592,[],53,2.31,sub_1/trial_20_l_complete.png,sub_1,R,segmented_data\sub_1\trial_20_l_segmented.csv,"QS-GI-SSSW-SLT-SSLW-GT; short-to-long requested, not verified",L,11.07,9.94,provisional six-phase fit,0.3392,weak/ambiguous pattern evidence,20,observed,0.009999999999877218
12.32,7.6,12.879999999999995,All events provisional; pressure extrema are not heel-strike labels; SLT timing ambiguous,40,0,19.32000000000005,19.32000000000005,2.84,15.63,40,0,7,6,11,12,40,0.010000000000104592,[],53,2.31,sub_1/trial_20_r_complete.png,sub_1,R,segmented_data\sub_1\trial_20_r_segmented.csv,"QS-GI-SSSW-SLT-SSLW-GT; short-to-long requested, not verified",R,11.07,9.94,provisional six-phase fit,0.3392,weak/ambiguous pattern evidence,20,observed,0.0
11.46,7.78,2.7000000000000455,All events provisional; pressure extrema are not heel-strike labels; SLT timing ambiguous,40,0,19.120000000000005,19.120000000000005,3.32,16.25,39,0,5,0,11,12,39,0.08000000000004093,[32],39,2.94,sub_21/trial_01_l_complete.png,sub_21,R,segmented_data\sub_21\trial_01_l_segmented.csv,"QS-GI-SSSW-SLT-SSLW-GT; short-to-long requested, not verified",L,10.11,8.96,provisional six-phase fit,0.4937,weak/ambiguous pattern evidence,1,observed,0.0
11.46,7.78,12.879999999999882,All events provisional; pressure extrema are not heel-strike labels; SLT timing ambiguous,40,0,19.120000000000005,19.120000000000005,3.32,16.25,40,0,5,5,11,12,40,0.07999999999992724,[],39,2.94,sub_21/trial_01_r_complete.png,sub_21,R,segmented_data\sub_21\trial_01_r_segmented.csv,"QS-GI-SSSW-SLT-SSLW-GT; short-to-long requested, not verified",R,10.11,8.96,provisional six-phase fit,0.4937,weak/ambiguous pattern evidence,1,observed,0.0
12.77,5.58,2.7000000000000455,All events provisional; pressure extrema are not heel-strike labels; SLT timing ambiguous,40,0,19.649999999999977,19.639999999999986,2.87,15.37,39,0,5,0,12,11,39,0.08000000000004093,[32],46,2.38,sub_21/trial_02_l_complete.png,sub_21,L,segmented_data\sub_21\trial_02_l_segmented.csv,"QS-GI-SSSW-SLT-SSLW-GT; short-to-long requested, not verified",L,10.27,9.11,provisional six-phase fit,0.2346,weak/ambiguous pattern evidence,2,observed,-0.009999999999990905
12.77,5.58,12.879999999999882,All events provisional; pressure extrema are not heel-strike labels; SLT timing ambiguous,40,0,19.649999999999977,19.639999999999986,2.87,15.37,40,0,5,5,12,11,40,0.07999999999992724,[],46,2.38,sub_21/trial_02_r_complete.png,sub_21,L,segmented_data\sub_21\trial_02_r_segmented.csv,"QS-GI-SSSW-SLT-SSLW-GT; short-to-long requested, not verified",R,10.27,9.11,provisional six-phase fit,0.2346,weak/ambiguous pattern evidence,2,observed,-0.009999999999990905
12.5,6.63,2.7000000000000455,All events provisional; pressure extrema are not heel-strike labels; SLT timing ambiguous,40,0,20.440000000000055,20.42999999999995,3.27,16.59,39,0,5,0,12,12,39,0.08000000000004093,[32],47,2.86,sub_21/trial_03_l_complete.png,sub_21,L,segmented_data\sub_21\trial_03_l_segmented.csv,"QS-GI-SSSW-SLT-SSLW-GT; short-to-long requested, not verified",L,9.91,9.07,provisional six-phase fit,0.3487,weak/ambiguous pattern evidence,3,observed,-0.010000000000104592
12.5,6.63,12.879999999999882,All events provisional; pressure extrema are not heel-strike labels; SLT timing ambiguous,40,0,20.440000000000055,20.450000000000045,3.27,16.59,40,0,5,5,12,12,40,0.07999999999992724,[],47,2.86,sub_21/trial_03_r_complete.png,sub_21,L,segmented_data\sub_21\trial_03_r_segmented.csv,"QS-GI-SSSW-SLT-SSLW-GT; short-to-long requested, not verified",R,9.91,9.07,provisional six-phase fit,0.3487,weak/ambiguous pattern evidence,3,observed,0.009999999999990905
12.24,6.09,2.7000000000000455,All events provisional; pressure extrema are not heel-strike labels; SLT timing ambiguous,40,0,19.269999999999982,19.260000000000105,2.2,15.13,39,0,5,0,12,12,39,0.08000000000004093,[32],53,1.84,sub_21/trial_04_l_complete.png,sub_21,L,segmented_data\sub_21\trial_04_l_segmented.csv,"QS-GI-SSSW-SLT-SSLW-GT; short-to-long requested, not verified",L,11.4,10.19,provisional six-phase fit,0.3137,weak/ambiguous pattern evidence,4,observed,-0.009999999999877218
12.24,6.09,12.879999999999882,All events provisional; pressure extrema are not heel-strike labels; SLT timing ambiguous,40,0,19.269999999999982,19.25999999999999,2.2,15.13,40,0,5,5,12,12,40,0.07999999999992724,[],53,1.84,sub_21/trial_04_r_complete.png,sub_21,L,segmented_data\sub_21\trial_04_r_segmented.csv,"QS-GI-SSSW-SLT-SSLW-GT; short-to-long requested, not verified",R,11.4,10.19,provisional six-phase fit,0.3137,weak/ambiguous pattern evidence,4,observed,-0.009999999999990905
12.98,5.45,2.7000000000000455,All events provisional; pressure extrema are not heel-strike labels; SLT timing ambiguous,40,0,19.899999999999977,19.99000000000001,2.95,16.42,39,0,5,0,11,12,39,0.08000000000004093,[32],35,2.25,sub_21/trial_05_l_complete.png,sub_21,R,segmented_data\sub_21\trial_05_l_segmented.csv,"QS-GI-SSSW-SLT-SSLW-GT; short-to-long requested, not verified",L,11.62,10.31,provisional six-phase fit,0.1786,weak/ambiguous pattern evidence,5,observed,0.09000000000003183
12.98,5.45,12.879999999999882,All events provisional; pressure extrema are not heel-strike labels; SLT timing ambiguous,40,0,19.899999999999977,19.980000000000018,2.95,16.42,40,0,5,5,11,12,40,0.07999999999992724,[],35,2.25,sub_21/trial_05_r_complete.png,sub_21,R,segmented_data\sub_21\trial_05_r_segmented.csv,"QS-GI-SSSW-SLT-SSLW-GT; short-to-long requested, not verified",R,11.62,10.31,provisional six-phase fit,0.1786,weak/ambiguous pattern evidence,5,observed,0.08000000000004093
12.43,7.68,2.7000000000000455,All events provisional; pressure extrema are not heel-strike labels; SLT timing ambiguous,40,0,19.190000000000055,19.200000000000045,3.15,15.02,39,0,5,0,12,11,39,0.08000000000004093,[32],41,2.07,sub_21/trial_06_l_complete.png,sub_21,L,segmented_data\sub_21\trial_06_l_segmented.csv,"QS-GI-SSSW-SLT-SSLW-GT; short-to-long requested, not verified",L,12.43,10.96,provisional six-phase fit,0.2512,weak/ambiguous pattern evidence,6,observed,0.009999999999990905
12.43,7.68,12.879999999999882,All events provisional; pressure extrema are not heel-strike labels; SLT timing ambiguous,40,0,19.190000000000055,19.209999999999923,3.15,15.02,40,0,5,5,12,11,40,0.07999999999992724,[],41,2.07,sub_21/trial_06_r_complete.png,sub_21,L,segmented_data\sub_21\trial_06_r_segmented.csv,"QS-GI-SSSW-SLT-SSLW-GT; short-to-long requested, not verified",R,12.43,10.96,provisional six-phase fit,0.2512,weak/ambiguous pattern evidence,6,observed,0.019999999999868123
11.65,8.08,2.7000000000000455,All events provisional; pressure extrema are not heel-strike labels; SLT timing ambiguous,40,0,20.449999999999932,20.460000000000036,3.13,16.25,39,0,5,0,11,12,39,0.08000000000004093,[32],26,2.74,sub_21/trial_07_l_complete.png,sub_21,R,segmented_data\sub_21\trial_07_l_segmented.csv,"QS-GI-SSSW-SLT-SSLW-GT; short-to-long requested, not verified",L,10.56,9.33,provisional six-phase fit,0.4461,weak/ambiguous pattern evidence,7,observed,0.010000000000104592
11.65,8.08,12.879999999999882,All events provisional; pressure extrema are not heel-strike labels; SLT timing ambiguous,40,0,20.449999999999932,20.450000000000045,3.13,16.25,40,0,5,5,11,12,40,0.07999999999992724,[],26,2.74,sub_21/trial_07_r_complete.png,sub_21,R,segmented_data\sub_21\trial_07_r_segmented.csv,"QS-GI-SSSW-SLT-SSLW-GT; short-to-long requested, not verified",R,10.56,9.33,provisional six-phase fit,0.4461,weak/ambiguous pattern evidence,7,observed,1.1368683772161603e-13
12.14,5.29,2.7000000000000455,All events provisional; pressure extrema are not heel-strike labels; SLT timing ambiguous,40,0,18.829999999999927,18.850000000000136,3.05,15.06,39,0,5,0,12,11,39,0.08000000000004093,[32],22,2.02,sub_21/trial_08_l_complete.png,sub_21,L,segmented_data\sub_21\trial_08_l_segmented.csv,"QS-GI-SSSW-SLT-SSLW-GT; short-to-long requested, not verified",L,8.78,7.36,provisional six-phase fit,0.2047,weak/ambiguous pattern evidence,8,observed,0.020000000000209184
12.14,5.29,12.879999999999882,All events provisional; pressure extrema are not heel-strike labels; SLT timing ambiguous,40,0,18.829999999999927,18.829999999999927,3.05,15.06,40,0,5,5,12,11,40,0.07999999999992724,[],22,2.02,sub_21/trial_08_r_complete.png,sub_21,L,segmented_data\sub_21\trial_08_r_segmented.csv,"QS-GI-SSSW-SLT-SSLW-GT; short-to-long requested, not verified",R,8.78,7.36,provisional six-phase fit,0.2047,weak/ambiguous pattern evidence,8,observed,0.0
11.84,5.69,2.7000000000000455,All events provisional; pressure extrema are not heel-strike labels; SLT timing ambiguous,40,0,19.539999999999964,19.550000000000182,3.48,16.36,39,0,5,0,11,12,39,0.08000000000004093,[32],21,3.09,sub_21/trial_09_l_complete.png,sub_21,R,segmented_data\sub_21\trial_09_l_segmented.csv,"QS-GI-SSSW-SLT-SSLW-GT; short-to-long requested, not verified",L,10.5,9.24,provisional six-phase fit,0.3651,weak/ambiguous pattern evidence,9,observed,0.010000000000218279
11.84,5.69,12.879999999999882,All events provisional; pressure extrema are not heel-strike labels; SLT timing ambiguous,40,0,19.539999999999964,19.529999999999973,3.48,16.36,40,0,5,5,11,12,40,0.07999999999992724,[],21,3.09,sub_21/trial_09_r_complete.png,sub_21,R,segmented_data\sub_21\trial_09_r_segmented.csv,"QS-GI-SSSW-SLT-SSLW-GT; short-to-long requested, not verified",R,10.5,9.24,provisional six-phase fit,0.3651,weak/ambiguous pattern evidence,9,observed,-0.009999999999990905
12.8,6.74,2.7000000000000455,All events provisional; pressure extrema are not heel-strike labels; SLT timing ambiguous,40,0,20.460000000000036,20.449999999999818,3.33,15.71,39,0,5,0,12,11,39,0.08000000000004093,[32],19,2.59,sub_21/trial_10_l_complete.png,sub_21,L,segmented_data\sub_21\trial_10_l_segmented.csv,"QS-GI-SSSW-SLT-SSLW-GT; short-to-long requested, not verified",L,12.8,11.94,provisional six-phase fit,0.2581,weak/ambiguous pattern evidence,10,observed,-0.010000000000218279
12.8,6.74,12.879999999999882,All events provisional; pressure extrema are not heel-strike labels; SLT timing ambiguous,40,0,20.460000000000036,20.450000000000045,3.33,15.71,40,0,5,5,12,11,40,0.07999999999992724,[],19,2.59,sub_21/trial_10_r_complete.png,sub_21,L,segmented_data\sub_21\trial_10_r_segmented.csv,"QS-GI-SSSW-SLT-SSLW-GT; short-to-long requested, not verified",R,12.8,11.94,provisional six-phase fit,0.2581,weak/ambiguous pattern evidence,10,observed,-0.009999999999990905
12.51,6.4,2.7000000000000455,All events provisional; pressure extrema are not heel-strike labels; SLT timing ambiguous,40,0,18.960000000000036,18.960000000000036,2.94,15.92,39,0,5,0,11,12,39,0.08000000000004093,[32],30,2.59,sub_21/trial_11_l_complete.png,sub_21,R,segmented_data\sub_21\trial_11_l_segmented.csv,"QS-GI-SSSW-SLT-SSLW-GT; short-to-long requested, not verified",L,11.19,9.98,provisional six-phase fit,0.3487,weak/ambiguous pattern evidence,11,observed,0.0
12.51,6.4,12.879999999999882,All events provisional; pressure extrema are not heel-strike labels; SLT timing ambiguous,40,0,18.960000000000036,18.95999999999981,2.94,15.92,40,0,5,5,11,12,40,0.07999999999992724,[],30,2.59,sub_21/trial_11_r_complete.png,sub_21,R,segmented_data\sub_21\trial_11_r_segmented.csv,"QS-GI-SSSW-SLT-SSLW-GT; short-to-long requested, not verified",R,11.19,9.98,provisional six-phase fit,0.3487,weak/ambiguous pattern evidence,11,observed,-2.2737367544323206e-13
11.54,7.48,2.7000000000000455,All events provisional; pressure extrema are not heel-strike labels; SLT timing ambiguous,40,0,19.929999999999836,19.930000000000064,2.87,15.81,39,0,5,0,12,11,39,0.08000000000004093,[32],43,2.0,sub_21/trial_12_l_complete.png,sub_21,L,segmented_data\sub_21\trial_12_l_segmented.csv,"QS-GI-SSSW-SLT-SSLW-GT; short-to-long requested, not verified",L,10.07,8.68,provisional six-phase fit,0.35,weak/ambiguous pattern evidence,12,observed,2.2737367544323206e-13
11.54,7.48,12.879999999999882,All events provisional; pressure extrema are not heel-strike labels; SLT timing ambiguous,40,0,19.929999999999836,19.930000000000064,2.87,15.81,40,0,5,5,12,11,40,0.07999999999992724,[],43,2.0,sub_21/trial_12_r_complete.png,sub_21,L,segmented_data\sub_21\trial_12_r_segmented.csv,"QS-GI-SSSW-SLT-SSLW-GT; short-to-long requested, not verified",R,10.07,8.68,provisional six-phase fit,0.35,weak/ambiguous pattern evidence,12,observed,2.2737367544323206e-13
,,2.7000000000000455,All events provisional; pressure extrema are not heel-strike labels; sustained onset with initial standing not resolved,40,0,18.029999999999973,18.019999999999982,,,39,0,5,0,11,12,39,0.08000000000004093,[32],23,,sub_21/trial_13_l_complete.png,sub_21,,segmented_data\sub_21\trial_13_l_segmented.csv,"QS-GI-SSSW-SLT-SSLW-GT; short-to-long requested, not verified",L,,,unresolved,,unresolved,13,observed,-0.009999999999990905
,,12.879999999999882,All events provisional; pressure extrema are not heel-strike labels; sustained onset with initial standing not resolved,40,0,18.029999999999973,18.029999999999973,,,40,0,5,5,11,12,40,0.07999999999992724,[],23,,sub_21/trial_13_r_complete.png,sub_21,,segmented_data\sub_21\trial_13_r_segmented.csv,"QS-GI-SSSW-SLT-SSLW-GT; short-to-long requested, not verified",R,,,unresolved,,unresolved,13,observed,0.0
12.23,11.42,2.7000000000000455,All events provisional; pressure extrema are not heel-strike labels,40,0,19.350000000000136,19.360000000000127,2.96,15.2,39,0,5,0,13,11,39,0.08000000000004093,[32],27,2.0,sub_21/trial_14_l_complete.png,sub_21,L,segmented_data\sub_21\trial_14_l_segmented.csv,"QS-GI-SSSW-SLT-SSLW-GT; short-to-long requested, not verified",L,12.23,11.42,provisional six-phase fit,0.3484,moderate pattern evidence,14,observed,0.009999999999990905
12.23,11.42,12.879999999999882,All events provisional; pressure extrema are not heel-strike labels,40,0,19.350000000000136,19.3599999999999,2.96,15.2,40,0,5,5,13,11,40,0.07999999999992724,[],27,2.0,sub_21/trial_14_r_complete.png,sub_21,L,segmented_data\sub_21\trial_14_r_segmented.csv,"QS-GI-SSSW-SLT-SSLW-GT; short-to-long requested, not verified",R,12.23,11.42,provisional six-phase fit,0.3484,moderate pattern evidence,14,observed,0.009999999999763531
10.91,7.27,2.7000000000000455,All events provisional; pressure extrema are not heel-strike labels; SLT timing ambiguous,40,0,18.789999999999964,18.789999999999964,2.65,15.61,39,0,5,0,11,12,39,0.08000000000004093,[32],42,2.29,sub_21/trial_15_l_complete.png,sub_21,R,segmented_data\sub_21\trial_15_l_segmented.csv,"QS-GI-SSSW-SLT-SSLW-GT; short-to-long requested, not verified",L,9.58,8.46,provisional six-phase fit,0.3645,weak/ambiguous pattern evidence,15,observed,0.0
10.91,7.27,12.879999999999882,All events provisional; pressure extrema are not heel-strike labels; SLT timing ambiguous,40,0,18.789999999999964,18.79000000000019,2.65,15.61,40,0,5,5,11,12,40,0.07999999999992724,[],42,2.29,sub_21/trial_15_r_complete.png,sub_21,R,segmented_data\sub_21\trial_15_r_segmented.csv,"QS-GI-SSSW-SLT-SSLW-GT; short-to-long requested, not verified",R,9.58,8.46,provisional six-phase fit,0.3645,weak/ambiguous pattern evidence,15,observed,2.2737367544323206e-13
10.94,6.18,2.7000000000000455,All events provisional; pressure extrema are not heel-strike labels; SLT timing ambiguous; L insole inferred end from matched clock offset,40,0,19.799999999999955,19.779999999999973,2.93,15.13,39,0,5,0,12,11,39,0.08000000000004093,[32],28,2.09,sub_21/trial_16_l_complete.png,sub_21,L,segmented_data\sub_21\trial_16_l_segmented.csv,"QS-GI-SSSW-SLT-SSLW-GT; short-to-long requested, not verified",L,10.94,10.09,provisional six-phase fit,0.307,weak/ambiguous pattern evidence,16,inferred end from matched clock offset,0.010000000000218279
10.94,6.18,12.879999999999882,All events provisional; pressure extrema are not heel-strike labels; SLT timing ambiguous; L insole inferred end from matched clock offset,40,0,19.799999999999955,19.799999999999955,2.93,15.13,40,0,5,5,12,11,40,0.07999999999992724,[],28,2.09,sub_21/trial_16_r_complete.png,sub_21,L,segmented_data\sub_21\trial_16_r_segmented.csv,"QS-GI-SSSW-SLT-SSLW-GT; short-to-long requested, not verified",R,10.94,10.09,provisional six-phase fit,0.307,weak/ambiguous pattern evidence,16,observed,0.0
11.09,5.95,2.7000000000000455,All events provisional; pressure extrema are not heel-strike labels; SLT timing ambiguous,40,0,19.40000000000009,19.3900000000001,3.01,15.02,39,0,5,0,11,11,39,0.08000000000004093,[32],25,1.64,sub_21/trial_17_l_complete.png,sub_21,L,segmented_data\sub_21\trial_17_l_segmented.csv,"QS-GI-SSSW-SLT-SSLW-GT; short-to-long requested, not verified",L,7.1,5.95,provisional six-phase fit,0.3968,weak/ambiguous pattern evidence,17,observed,-0.009999999999990905
11.09,5.95,12.879999999999882,All events provisional; pressure extrema are not heel-strike labels; SLT timing ambiguous,40,0,19.40000000000009,19.410000000000082,3.01,15.02,40,0,5,5,11,11,40,0.07999999999992724,[],25,1.64,sub_21/trial_17_r_complete.png,sub_21,L,segmented_data\sub_21\trial_17_r_segmented.csv,"QS-GI-SSSW-SLT-SSLW-GT; short-to-long requested, not verified",R,7.1,5.95,provisional six-phase fit,0.3968,weak/ambiguous pattern evidence,17,observed,0.009999999999990905
11.31,8.88,2.7000000000000455,All events provisional; pressure extrema are not heel-strike labels,40,0,18.930000000000064,18.940000000000055,3.24,15.35,39,0,5,0,11,11,39,0.08000000000004093,[32],27,2.18,sub_21/trial_18_l_complete.png,sub_21,L,segmented_data\sub_21\trial_18_l_segmented.csv,"QS-GI-SSSW-SLT-SSLW-GT; short-to-long requested, not verified",L,9.81,8.88,provisional six-phase fit,0.3106,moderate pattern evidence,18,observed,0.009999999999990905
11.31,8.88,12.879999999999882,All events provisional; pressure extrema are not heel-strike labels,40,0,18.930000000000064,18.929999999999836,3.24,15.35,40,0,5,5,11,11,40,0.07999999999992724,[],27,2.18,sub_21/trial_18_r_complete.png,sub_21,L,segmented_data\sub_21\trial_18_r_segmented.csv,"QS-GI-SSSW-SLT-SSLW-GT; short-to-long requested, not verified",R,9.81,8.88,provisional six-phase fit,0.3106,moderate pattern evidence,18,observed,-2.2737367544323206e-13
11.5,6.58,2.7000000000000455,All events provisional; pressure extrema are not heel-strike labels; SLT timing ambiguous,40,0,19.77000000000021,19.75,3.07,16.05,39,0,5,0,11,12,39,0.08000000000004093,[32],25,2.33,sub_21/trial_19_l_complete.png,sub_21,R,segmented_data\sub_21\trial_19_l_segmented.csv,"QS-GI-SSSW-SLT-SSLW-GT; short-to-long requested, not verified",L,10.22,8.99,provisional six-phase fit,0.4026,weak/ambiguous pattern evidence,19,observed,-0.020000000000209184
11.5,6.58,12.879999999999882,All events provisional; pressure extrema are not heel-strike labels; SLT timing ambiguous,40,0,19.77000000000021,19.75999999999999,3.07,16.05,40,0,5,5,11,12,40,0.07999999999992724,[],25,2.33,sub_21/trial_19_r_complete.png,sub_21,R,segmented_data\sub_21\trial_19_r_segmented.csv,"QS-GI-SSSW-SLT-SSLW-GT; short-to-long requested, not verified",R,10.22,8.99,provisional six-phase fit,0.4026,weak/ambiguous pattern evidence,19,observed,-0.010000000000218279
11.13,5.6,2.7000000000000455,All events provisional; pressure extrema are not heel-strike labels; SLT timing ambiguous,40,0,20.279999999999973,20.279999999999973,2.87,15.16,39,0,5,0,12,11,39,0.08000000000004093,[32],25,2.2,sub_21/trial_20_l_complete.png,sub_21,L,segmented_data\sub_21\trial_20_l_segmented.csv,"QS-GI-SSSW-SLT-SSLW-GT; short-to-long requested, not verified",L,11.13,10.32,provisional six-phase fit,0.3563,weak/ambiguous pattern evidence,20,observed,0.0
11.13,5.6,12.879999999999882,All events provisional; pressure extrema are not heel-strike labels; SLT timing ambiguous,40,0,20.279999999999973,20.269999999999982,2.87,15.16,40,0,5,5,12,11,40,0.07999999999992724,[],25,2.2,sub_21/trial_20_r_complete.png,sub_21,L,segmented_data\sub_21\trial_20_r_segmented.csv,"QS-GI-SSSW-SLT-SSLW-GT; short-to-long requested, not verified",R,11.13,10.32,provisional six-phase fit,0.3563,weak/ambiguous pattern evidence,20,observed,-0.009999999999990905
