end_index,end_seconds,phase,record,sequence_assumption,start_index,start_seconds,status,trial
639,6.39,QS,sir_1,"QS-GI-SSSW-SLT-SSLW-GT; short-to-long requested, not verified",0,0.0,provisional,1
679,6.79,GI,sir_1,"QS-GI-SSSW-SLT-SSLW-GT; short-to-long requested, not verified",639,6.39,provisional,1
1470,14.7,SSSW,sir_1,"QS-GI-SSSW-SLT-SSLW-GT; short-to-long requested, not verified",679,6.79,provisional,1
1628,16.28,SLT,sir_1,"QS-GI-SSSW-SLT-SSLW-GT; short-to-long requested, not verified",1470,14.7,provisional,1
2031,20.31,SSLW,sir_1,"QS-GI-SSSW-SLT-SSLW-GT; short-to-long requested, not verified",1628,16.28,provisional,1
2633,26.32,GT,sir_1,"QS-GI-SSSW-SLT-SSLW-GT; short-to-long requested, not verified",2031,20.31,provisional,1
596,5.96,QS,sir_1,"QS-GI-SSSW-SLT-SSLW-GT; short-to-long requested, not verified",0,0.0,provisional,3
627,6.27,GI,sir_1,"QS-GI-SSSW-SLT-SSLW-GT; short-to-long requested, not verified",596,5.96,provisional,3
1617,16.17,SSSW,sir_1,"QS-GI-SSSW-SLT-SSLW-GT; short-to-long requested, not verified",627,6.27,provisional,3
1703,17.03,SLT,sir_1,"QS-GI-SSSW-SLT-SSLW-GT; short-to-long requested, not verified",1617,16.17,provisional,3
1990,19.9,SSLW,sir_1,"QS-GI-SSSW-SLT-SSLW-GT; short-to-long requested, not verified",1703,17.03,provisional,3
2598,25.97,GT,sir_1,"QS-GI-SSSW-SLT-SSLW-GT; short-to-long requested, not verified",1990,19.9,provisional,3
615,6.15,QS,sir_1,"QS-GI-SSSW-SLT-SSLW-GT; short-to-long requested, not verified",0,0.0,provisional,4
675,6.75,GI,sir_1,"QS-GI-SSSW-SLT-SSLW-GT; short-to-long requested, not verified",615,6.15,provisional,4
1516,15.16,SSSW,sir_1,"QS-GI-SSSW-SLT-SSLW-GT; short-to-long requested, not verified",675,6.75,provisional,4
1664,16.64,SLT,sir_1,"QS-GI-SSSW-SLT-SSLW-GT; short-to-long requested, not verified",1516,15.16,provisional,4
1882,18.82,SSLW,sir_1,"QS-GI-SSSW-SLT-SSLW-GT; short-to-long requested, not verified",1664,16.64,provisional,4
2491,24.9,GT,sir_1,"QS-GI-SSSW-SLT-SSLW-GT; short-to-long requested, not verified",1882,18.82,provisional,4
822,8.22,QS,sir_1,"QS-GI-SSSW-SLT-SSLW-GT; short-to-long requested, not verified",0,0.0,provisional,5
866,8.66,GI,sir_1,"QS-GI-SSSW-SLT-SSLW-GT; short-to-long requested, not verified",822,8.22,provisional,5
1462,14.62,SSSW,sir_1,"QS-GI-SSSW-SLT-SSLW-GT; short-to-long requested, not verified",866,8.66,provisional,5
1597,15.97,SLT,sir_1,"QS-GI-SSSW-SLT-SSLW-GT; short-to-long requested, not verified",1462,14.62,provisional,5
2144,21.44,SSLW,sir_1,"QS-GI-SSSW-SLT-SSLW-GT; short-to-long requested, not verified",1597,15.97,provisional,5
2806,28.05,GT,sir_1,"QS-GI-SSSW-SLT-SSLW-GT; short-to-long requested, not verified",2144,21.44,provisional,5
570,5.7,QS,sir_1,"QS-GI-SSSW-SLT-SSLW-GT; short-to-long requested, not verified",0,0.0,provisional,6
620,6.2,GI,sir_1,"QS-GI-SSSW-SLT-SSLW-GT; short-to-long requested, not verified",570,5.7,provisional,6
1312,13.12,SSSW,sir_1,"QS-GI-SSSW-SLT-SSLW-GT; short-to-long requested, not verified",620,6.2,provisional,6
1444,14.44,SLT,sir_1,"QS-GI-SSSW-SLT-SSLW-GT; short-to-long requested, not verified",1312,13.12,provisional,6
1864,18.64,SSLW,sir_1,"QS-GI-SSSW-SLT-SSLW-GT; short-to-long requested, not verified",1444,14.44,provisional,6
2499,24.98,GT,sir_1,"QS-GI-SSSW-SLT-SSLW-GT; short-to-long requested, not verified",1864,18.64,provisional,6
294,2.94,QS,sir_1,"QS-GI-SSSW-SLT-SSLW-GT; short-to-long requested, not verified",0,0.0,provisional,7
334,3.34,GI,sir_1,"QS-GI-SSSW-SLT-SSLW-GT; short-to-long requested, not verified",294,2.94,provisional,7
546,5.46,SSSW,sir_1,"QS-GI-SSSW-SLT-SSLW-GT; short-to-long requested, not verified",334,3.34,provisional,7
665,6.65,SLT,sir_1,"QS-GI-SSSW-SLT-SSLW-GT; short-to-long requested, not verified",546,5.46,provisional,7
1576,15.76,SSLW,sir_1,"QS-GI-SSSW-SLT-SSLW-GT; short-to-long requested, not verified",665,6.65,provisional,7
2291,22.9,GT,sir_1,"QS-GI-SSSW-SLT-SSLW-GT; short-to-long requested, not verified",1576,15.76,provisional,7
428,4.28,QS,sir_1,"QS-GI-SSSW-SLT-SSLW-GT; short-to-long requested, not verified",0,0.0,provisional,8
532,5.32,GI,sir_1,"QS-GI-SSSW-SLT-SSLW-GT; short-to-long requested, not verified",428,4.28,provisional,8
1226,12.26,SSSW,sir_1,"QS-GI-SSSW-SLT-SSLW-GT; short-to-long requested, not verified",532,5.32,provisional,8
1367,13.67,SLT,sir_1,"QS-GI-SSSW-SLT-SSLW-GT; short-to-long requested, not verified",1226,12.26,provisional,8
1798,17.98,SSLW,sir_1,"QS-GI-SSSW-SLT-SSLW-GT; short-to-long requested, not verified",1367,13.67,provisional,8
2384,23.83,GT,sir_1,"QS-GI-SSSW-SLT-SSLW-GT; short-to-long requested, not verified",1798,17.98,provisional,8
327,3.27,QS,sir_1,"QS-GI-SSSW-SLT-SSLW-GT; short-to-long requested, not verified",0,0.0,provisional,9
395,3.95,GI,sir_1,"QS-GI-SSSW-SLT-SSLW-GT; short-to-long requested, not verified",327,3.27,provisional,9
832,8.32,SSSW,sir_1,"QS-GI-SSSW-SLT-SSLW-GT; short-to-long requested, not verified",395,3.95,provisional,9
951,9.51,SLT,sir_1,"QS-GI-SSSW-SLT-SSLW-GT; short-to-long requested, not verified",832,8.32,provisional,9
1636,16.36,SSLW,sir_1,"QS-GI-SSSW-SLT-SSLW-GT; short-to-long requested, not verified",951,9.51,provisional,9
2355,23.54,GT,sir_1,"QS-GI-SSSW-SLT-SSLW-GT; short-to-long requested, not verified",1636,16.36,provisional,9
360,3.6,QS,sir_1,"QS-GI-SSSW-SLT-SSLW-GT; short-to-long requested, not verified",0,0.0,provisional,10
432,4.32,GI,sir_1,"QS-GI-SSSW-SLT-SSLW-GT; short-to-long requested, not verified",360,3.6,provisional,10
1070,10.7,SSSW,sir_1,"QS-GI-SSSW-SLT-SSLW-GT; short-to-long requested, not verified",432,4.32,provisional,10
1186,11.86,SLT,sir_1,"QS-GI-SSSW-SLT-SSLW-GT; short-to-long requested, not verified",1070,10.7,provisional,10
1737,17.37,SSLW,sir_1,"QS-GI-SSSW-SLT-SSLW-GT; short-to-long requested, not verified",1186,11.86,provisional,10
2371,23.7,GT,sir_1,"QS-GI-SSSW-SLT-SSLW-GT; short-to-long requested, not verified",1737,17.37,provisional,10
333,3.33,QS,sir_1,"QS-GI-SSSW-SLT-SSLW-GT; short-to-long requested, not verified",0,0.0,provisional,11
396,3.96,GI,sir_1,"QS-GI-SSSW-SLT-SSLW-GT; short-to-long requested, not verified",333,3.33,provisional,11
829,8.29,SSSW,sir_1,"QS-GI-SSSW-SLT-SSLW-GT; short-to-long requested, not verified",396,3.96,provisional,11
949,9.49,SLT,sir_1,"QS-GI-SSSW-SLT-SSLW-GT; short-to-long requested, not verified",829,8.29,provisional,11
1621,16.21,SSLW,sir_1,"QS-GI-SSSW-SLT-SSLW-GT; short-to-long requested, not verified",949,9.49,provisional,11
2295,22.94,GT,sir_1,"QS-GI-SSSW-SLT-SSLW-GT; short-to-long requested, not verified",1621,16.21,provisional,11
424,4.24,QS,sir_1,"QS-GI-SSSW-SLT-SSLW-GT; short-to-long requested, not verified",0,0.0,provisional,12
463,4.63,GI,sir_1,"QS-GI-SSSW-SLT-SSLW-GT; short-to-long requested, not verified",424,4.24,provisional,12
1156,11.56,SSSW,sir_1,"QS-GI-SSSW-SLT-SSLW-GT; short-to-long requested, not verified",463,4.63,provisional,12
1285,12.85,SLT,sir_1,"QS-GI-SSSW-SLT-SSLW-GT; short-to-long requested, not verified",1156,11.56,provisional,12
1712,17.12,SSLW,sir_1,"QS-GI-SSSW-SLT-SSLW-GT; short-to-long requested, not verified",1285,12.85,provisional,12
2483,24.82,GT,sir_1,"QS-GI-SSSW-SLT-SSLW-GT; short-to-long requested, not verified",1712,17.12,provisional,12
381,3.81,QS,sir_1,"QS-GI-SSSW-SLT-SSLW-GT; short-to-long requested, not verified",0,0.0,provisional,13
423,4.23,GI,sir_1,"QS-GI-SSSW-SLT-SSLW-GT; short-to-long requested, not verified",381,3.81,provisional,13
984,9.84,SSSW,sir_1,"QS-GI-SSSW-SLT-SSLW-GT; short-to-long requested, not verified",423,4.23,provisional,13
1118,11.18,SLT,sir_1,"QS-GI-SSSW-SLT-SSLW-GT; short-to-long requested, not verified",984,9.84,provisional,13
1661,16.61,SSLW,sir_1,"QS-GI-SSSW-SLT-SSLW-GT; short-to-long requested, not verified",1118,11.18,provisional,13
2400,23.99,GT,sir_1,"QS-GI-SSSW-SLT-SSLW-GT; short-to-long requested, not verified",1661,16.61,provisional,13
448,4.48,QS,sir_1,"QS-GI-SSSW-SLT-SSLW-GT; short-to-long requested, not verified",0,0.0,provisional,14
490,4.9,GI,sir_1,"QS-GI-SSSW-SLT-SSLW-GT; short-to-long requested, not verified",448,4.48,provisional,14
1081,10.81,SSSW,sir_1,"QS-GI-SSSW-SLT-SSLW-GT; short-to-long requested, not verified",490,4.9,provisional,14
1234,12.34,SLT,sir_1,"QS-GI-SSSW-SLT-SSLW-GT; short-to-long requested, not verified",1081,10.81,provisional,14
1759,17.59,SSLW,sir_1,"QS-GI-SSSW-SLT-SSLW-GT; short-to-long requested, not verified",1234,12.34,provisional,14
2933,29.32,GT,sir_1,"QS-GI-SSSW-SLT-SSLW-GT; short-to-long requested, not verified",1759,17.59,provisional,14
618,6.18,QS,sir_1,"QS-GI-SSSW-SLT-SSLW-GT; short-to-long requested, not verified",0,0.0,provisional,15
658,6.58,GI,sir_1,"QS-GI-SSSW-SLT-SSLW-GT; short-to-long requested, not verified",618,6.18,provisional,15
971,9.71,SSSW,sir_1,"QS-GI-SSSW-SLT-SSLW-GT; short-to-long requested, not verified",658,6.58,provisional,15
1086,10.86,SLT,sir_1,"QS-GI-SSSW-SLT-SSLW-GT; short-to-long requested, not verified",971,9.71,provisional,15
1886,18.86,SSLW,sir_1,"QS-GI-SSSW-SLT-SSLW-GT; short-to-long requested, not verified",1086,10.86,provisional,15
2560,25.59,GT,sir_1,"QS-GI-SSSW-SLT-SSLW-GT; short-to-long requested, not verified",1886,18.86,provisional,15
295,2.95,QS,sir_1,"QS-GI-SSSW-SLT-SSLW-GT; short-to-long requested, not verified",0,0.0,provisional,16
344,3.44,GI,sir_1,"QS-GI-SSSW-SLT-SSLW-GT; short-to-long requested, not verified",295,2.95,provisional,16
1038,10.38,SSSW,sir_1,"QS-GI-SSSW-SLT-SSLW-GT; short-to-long requested, not verified",344,3.44,provisional,16
1173,11.73,SLT,sir_1,"QS-GI-SSSW-SLT-SSLW-GT; short-to-long requested, not verified",1038,10.38,provisional,16
1593,15.93,SSLW,sir_1,"QS-GI-SSSW-SLT-SSLW-GT; short-to-long requested, not verified",1173,11.73,provisional,16
2292,22.91,GT,sir_1,"QS-GI-SSSW-SLT-SSLW-GT; short-to-long requested, not verified",1593,15.93,provisional,16
538,5.38,QS,sir_1,"QS-GI-SSSW-SLT-SSLW-GT; short-to-long requested, not verified",0,0.0,provisional,17
584,5.84,GI,sir_1,"QS-GI-SSSW-SLT-SSLW-GT; short-to-long requested, not verified",538,5.38,provisional,17
856,8.56,SSSW,sir_1,"QS-GI-SSSW-SLT-SSLW-GT; short-to-long requested, not verified",584,5.84,provisional,17
968,9.68,SLT,sir_1,"QS-GI-SSSW-SLT-SSLW-GT; short-to-long requested, not verified",856,8.56,provisional,17
1870,18.7,SSLW,sir_1,"QS-GI-SSSW-SLT-SSLW-GT; short-to-long requested, not verified",968,9.68,provisional,17
2610,26.09,GT,sir_1,"QS-GI-SSSW-SLT-SSLW-GT; short-to-long requested, not verified",1870,18.7,provisional,17
356,3.56,QS,sir_1,"QS-GI-SSSW-SLT-SSLW-GT; short-to-long requested, not verified",0,0.0,provisional,18
396,3.96,GI,sir_1,"QS-GI-SSSW-SLT-SSLW-GT; short-to-long requested, not verified",356,3.56,provisional,18
988,9.88,SSSW,sir_1,"QS-GI-SSSW-SLT-SSLW-GT; short-to-long requested, not verified",396,3.96,provisional,18
1102,11.02,SLT,sir_1,"QS-GI-SSSW-SLT-SSLW-GT; short-to-long requested, not verified",988,9.88,provisional,18
1674,16.74,SSLW,sir_1,"QS-GI-SSSW-SLT-SSLW-GT; short-to-long requested, not verified",1102,11.02,provisional,18
2274,22.73,GT,sir_1,"QS-GI-SSSW-SLT-SSLW-GT; short-to-long requested, not verified",1674,16.74,provisional,18
328,3.28,QS,sir_1,"QS-GI-SSSW-SLT-SSLW-GT; short-to-long requested, not verified",0,0.0,provisional,19
396,3.96,GI,sir_1,"QS-GI-SSSW-SLT-SSLW-GT; short-to-long requested, not verified",328,3.28,provisional,19
728,7.28,SSSW,sir_1,"QS-GI-SSSW-SLT-SSLW-GT; short-to-long requested, not verified",396,3.96,provisional,19
845,8.45,SLT,sir_1,"QS-GI-SSSW-SLT-SSLW-GT; short-to-long requested, not verified",728,7.28,provisional,19
1639,16.39,SSLW,sir_1,"QS-GI-SSSW-SLT-SSLW-GT; short-to-long requested, not verified",845,8.45,provisional,19
2467,24.66,GT,sir_1,"QS-GI-SSSW-SLT-SSLW-GT; short-to-long requested, not verified",1639,16.39,provisional,19
531,5.31,QS,sir_1,"QS-GI-SSSW-SLT-SSLW-GT; short-to-long requested, not verified",0,0.0,provisional,20
637,6.37,GI,sir_1,"QS-GI-SSSW-SLT-SSLW-GT; short-to-long requested, not verified",531,5.31,provisional,20
1172,11.72,SSSW,sir_1,"QS-GI-SSSW-SLT-SSLW-GT; short-to-long requested, not verified",637,6.37,provisional,20
1280,12.8,SLT,sir_1,"QS-GI-SSSW-SLT-SSLW-GT; short-to-long requested, not verified",1172,11.72,provisional,20
1852,18.52,SSLW,sir_1,"QS-GI-SSSW-SLT-SSLW-GT; short-to-long requested, not verified",1280,12.8,provisional,20
2505,25.04,GT,sir_1,"QS-GI-SSSW-SLT-SSLW-GT; short-to-long requested, not verified",1852,18.52,provisional,20
386,3.86,QS,sir_1,"QS-GI-SSSW-SLT-SSLW-GT; short-to-long requested, not verified",0,0.0,provisional,21
434,4.34,GI,sir_1,"QS-GI-SSSW-SLT-SSLW-GT; short-to-long requested, not verified",386,3.86,provisional,21
650,6.5,SSSW,sir_1,"QS-GI-SSSW-SLT-SSLW-GT; short-to-long requested, not verified",434,4.34,provisional,21
771,7.71,SLT,sir_1,"QS-GI-SSSW-SLT-SSLW-GT; short-to-long requested, not verified",650,6.5,provisional,21
1686,16.86,SSLW,sir_1,"QS-GI-SSSW-SLT-SSLW-GT; short-to-long requested, not verified",771,7.71,provisional,21
2449,24.48,GT,sir_1,"QS-GI-SSSW-SLT-SSLW-GT; short-to-long requested, not verified",1686,16.86,provisional,21
777,7.77,QS,sir_21,"QS-GI-SSSW-SLT-SSLW-GT; short-to-long requested, not verified",0,0.0,provisional,1
848,8.48,GI,sir_21,"QS-GI-SSSW-SLT-SSLW-GT; short-to-long requested, not verified",777,7.77,provisional,1
1562,15.62,SSSW,sir_21,"QS-GI-SSSW-SLT-SSLW-GT; short-to-long requested, not verified",848,8.48,provisional,1
1703,17.03,SLT,sir_21,"QS-GI-SSSW-SLT-SSLW-GT; short-to-long requested, not verified",1562,15.62,provisional,1
2137,21.37,SSLW,sir_21,"QS-GI-SSSW-SLT-SSLW-GT; short-to-long requested, not verified",1703,17.03,provisional,1
2739,27.38,GT,sir_21,"QS-GI-SSSW-SLT-SSLW-GT; short-to-long requested, not verified",2137,21.37,provisional,1
369,3.69,QS,sir_21,"QS-GI-SSSW-SLT-SSLW-GT; short-to-long requested, not verified",0,0.0,provisional,2
423,4.23,GI,sir_21,"QS-GI-SSSW-SLT-SSLW-GT; short-to-long requested, not verified",369,3.69,provisional,2
866,8.66,SSSW,sir_21,"QS-GI-SSSW-SLT-SSLW-GT; short-to-long requested, not verified",423,4.23,provisional,2
983,9.83,SLT,sir_21,"QS-GI-SSSW-SLT-SSLW-GT; short-to-long requested, not verified",866,8.66,provisional,2
1636,16.36,SSLW,sir_21,"QS-GI-SSSW-SLT-SSLW-GT; short-to-long requested, not verified",983,9.83,provisional,2
2191,21.9,GT,sir_21,"QS-GI-SSSW-SLT-SSLW-GT; short-to-long requested, not verified",1636,16.36,provisional,2
459,4.59,QS,sir_21,"QS-GI-SSSW-SLT-SSLW-GT; short-to-long requested, not verified",0,0.0,provisional,3
580,5.8,GI,sir_21,"QS-GI-SSSW-SLT-SSLW-GT; short-to-long requested, not verified",459,4.59,provisional,3
1062,10.62,SSSW,sir_21,"QS-GI-SSSW-SLT-SSLW-GT; short-to-long requested, not verified",580,5.8,provisional,3
1173,11.73,SLT,sir_21,"QS-GI-SSSW-SLT-SSLW-GT; short-to-long requested, not verified",1062,10.62,provisional,3
1642,16.42,SSLW,sir_21,"QS-GI-SSSW-SLT-SSLW-GT; short-to-long requested, not verified",1173,11.73,provisional,3
2816,28.15,GT,sir_21,"QS-GI-SSSW-SLT-SSLW-GT; short-to-long requested, not verified",1642,16.42,provisional,3
387,3.87,QS,sir_21,"QS-GI-SSSW-SLT-SSLW-GT; short-to-long requested, not verified",0,0.0,provisional,4
438,4.38,GI,sir_21,"QS-GI-SSSW-SLT-SSLW-GT; short-to-long requested, not verified",387,3.87,provisional,4
1250,12.5,SSSW,sir_21,"QS-GI-SSSW-SLT-SSLW-GT; short-to-long requested, not verified",438,4.38,provisional,4
1397,13.97,SLT,sir_21,"QS-GI-SSSW-SLT-SSLW-GT; short-to-long requested, not verified",1250,12.5,provisional,4
1667,16.67,SSLW,sir_21,"QS-GI-SSSW-SLT-SSLW-GT; short-to-long requested, not verified",1397,13.97,provisional,4
2426,24.25,GT,sir_21,"QS-GI-SSSW-SLT-SSLW-GT; short-to-long requested, not verified",1667,16.67,provisional,4
244,2.44,QS,sir_21,"QS-GI-SSSW-SLT-SSLW-GT; short-to-long requested, not verified",0,0.0,provisional,5
353,3.53,GI,sir_21,"QS-GI-SSSW-SLT-SSLW-GT; short-to-long requested, not verified",244,2.44,provisional,5
922,9.22,SSSW,sir_21,"QS-GI-SSSW-SLT-SSLW-GT; short-to-long requested, not verified",353,3.53,provisional,5
1068,10.68,SLT,sir_21,"QS-GI-SSSW-SLT-SSLW-GT; short-to-long requested, not verified",922,9.22,provisional,5
1521,15.21,SSLW,sir_21,"QS-GI-SSSW-SLT-SSLW-GT; short-to-long requested, not verified",1068,10.68,provisional,5
2118,21.17,GT,sir_21,"QS-GI-SSSW-SLT-SSLW-GT; short-to-long requested, not verified",1521,15.21,provisional,5
378,3.78,QS,sir_21,"QS-GI-SSSW-SLT-SSLW-GT; short-to-long requested, not verified",0,0.0,provisional,6
420,4.2,GI,sir_21,"QS-GI-SSSW-SLT-SSLW-GT; short-to-long requested, not verified",378,3.78,provisional,6
656,6.56,SSSW,sir_21,"QS-GI-SSSW-SLT-SSLW-GT; short-to-long requested, not verified",420,4.2,provisional,6
806,8.06,SLT,sir_21,"QS-GI-SSSW-SLT-SSLW-GT; short-to-long requested, not verified",656,6.56,provisional,6
1684,16.84,SSLW,sir_21,"QS-GI-SSSW-SLT-SSLW-GT; short-to-long requested, not verified",806,8.06,provisional,6
2250,22.49,GT,sir_21,"QS-GI-SSSW-SLT-SSLW-GT; short-to-long requested, not verified",1684,16.84,provisional,6
332,3.32,QS,sir_21,"QS-GI-SSSW-SLT-SSLW-GT; short-to-long requested, not verified",0,0.0,provisional,7
388,3.88,GI,sir_21,"QS-GI-SSSW-SLT-SSLW-GT; short-to-long requested, not verified",332,3.32,provisional,7
613,6.13,SSSW,sir_21,"QS-GI-SSSW-SLT-SSLW-GT; short-to-long requested, not verified",388,3.88,provisional,7
735,7.35,SLT,sir_21,"QS-GI-SSSW-SLT-SSLW-GT; short-to-long requested, not verified",613,6.13,provisional,7
1675,16.75,SSLW,sir_21,"QS-GI-SSSW-SLT-SSLW-GT; short-to-long requested, not verified",735,7.35,provisional,7
2156,21.55,GT,sir_21,"QS-GI-SSSW-SLT-SSLW-GT; short-to-long requested, not verified",1675,16.75,provisional,7
458,4.58,QS,sir_21,"QS-GI-SSSW-SLT-SSLW-GT; short-to-long requested, not verified",0,0.0,provisional,8
508,5.08,GI,sir_21,"QS-GI-SSSW-SLT-SSLW-GT; short-to-long requested, not verified",458,4.58,provisional,8
941,9.41,SSSW,sir_21,"QS-GI-SSSW-SLT-SSLW-GT; short-to-long requested, not verified",508,5.08,provisional,8
1063,10.63,SLT,sir_21,"QS-GI-SSSW-SLT-SSLW-GT; short-to-long requested, not verified",941,9.41,provisional,8
1719,17.19,SSLW,sir_21,"QS-GI-SSSW-SLT-SSLW-GT; short-to-long requested, not verified",1063,10.63,provisional,8
2273,22.72,GT,sir_21,"QS-GI-SSSW-SLT-SSLW-GT; short-to-long requested, not verified",1719,17.19,provisional,8
241,2.41,QS,sir_21,"QS-GI-SSSW-SLT-SSLW-GT; short-to-long requested, not verified",0,0.0,provisional,9
280,2.8,GI,sir_21,"QS-GI-SSSW-SLT-SSLW-GT; short-to-long requested, not verified",241,2.41,provisional,9
760,7.6,SSSW,sir_21,"QS-GI-SSSW-SLT-SSLW-GT; short-to-long requested, not verified",280,2.8,provisional,9
896,8.96,SLT,sir_21,"QS-GI-SSSW-SLT-SSLW-GT; short-to-long requested, not verified",760,7.6,provisional,9
1555,15.55,SSLW,sir_21,"QS-GI-SSSW-SLT-SSLW-GT; short-to-long requested, not verified",896,8.96,provisional,9
2195,21.94,GT,sir_21,"QS-GI-SSSW-SLT-SSLW-GT; short-to-long requested, not verified",1555,15.55,provisional,9
317,3.17,QS,sir_21,"QS-GI-SSSW-SLT-SSLW-GT; short-to-long requested, not verified",0,0.0,provisional,10
371,3.71,GI,sir_21,"QS-GI-SSSW-SLT-SSLW-GT; short-to-long requested, not verified",317,3.17,provisional,10
822,8.22,SSSW,sir_21,"QS-GI-SSSW-SLT-SSLW-GT; short-to-long requested, not verified",371,3.71,provisional,10
950,9.5,SLT,sir_21,"QS-GI-SSSW-SLT-SSLW-GT; short-to-long requested, not verified",822,8.22,provisional,10
1584,15.84,SSLW,sir_21,"QS-GI-SSSW-SLT-SSLW-GT; short-to-long requested, not verified",950,9.5,provisional,10
2316,23.15,GT,sir_21,"QS-GI-SSSW-SLT-SSLW-GT; short-to-long requested, not verified",1584,15.84,provisional,10
295,2.95,QS,sir_21,"QS-GI-SSSW-SLT-SSLW-GT; short-to-long requested, not verified",0,0.0,provisional,11
403,4.03,GI,sir_21,"QS-GI-SSSW-SLT-SSLW-GT; short-to-long requested, not verified",295,2.95,provisional,11
968,9.68,SSSW,sir_21,"QS-GI-SSSW-SLT-SSLW-GT; short-to-long requested, not verified",403,4.03,provisional,11
1090,10.9,SLT,sir_21,"QS-GI-SSSW-SLT-SSLW-GT; short-to-long requested, not verified",968,9.68,provisional,11
1578,15.78,SSLW,sir_21,"QS-GI-SSSW-SLT-SSLW-GT; short-to-long requested, not verified",1090,10.9,provisional,11
2115,21.14,GT,sir_21,"QS-GI-SSSW-SLT-SSLW-GT; short-to-long requested, not verified",1578,15.78,provisional,11
335,3.35,QS,sir_21,"QS-GI-SSSW-SLT-SSLW-GT; short-to-long requested, not verified",0,0.0,provisional,12
379,3.79,GI,sir_21,"QS-GI-SSSW-SLT-SSLW-GT; short-to-long requested, not verified",335,3.35,provisional,12
979,9.79,SSSW,sir_21,"QS-GI-SSSW-SLT-SSLW-GT; short-to-long requested, not verified",379,3.79,provisional,12
1099,10.99,SLT,sir_21,"QS-GI-SSSW-SLT-SSLW-GT; short-to-long requested, not verified",979,9.79,provisional,12
1637,16.37,SSLW,sir_21,"QS-GI-SSSW-SLT-SSLW-GT; short-to-long requested, not verified",1099,10.99,provisional,12
2262,22.61,GT,sir_21,"QS-GI-SSSW-SLT-SSLW-GT; short-to-long requested, not verified",1637,16.37,provisional,12
260,2.6,QS,sir_21,"QS-GI-SSSW-SLT-SSLW-GT; short-to-long requested, not verified",0,0.0,provisional,13
304,3.04,GI,sir_21,"QS-GI-SSSW-SLT-SSLW-GT; short-to-long requested, not verified",260,2.6,provisional,13
1018,10.18,SSSW,sir_21,"QS-GI-SSSW-SLT-SSLW-GT; short-to-long requested, not verified",304,3.04,provisional,13
1148,11.48,SLT,sir_21,"QS-GI-SSSW-SLT-SSLW-GT; short-to-long requested, not verified",1018,10.18,provisional,13
1594,15.94,SSLW,sir_21,"QS-GI-SSSW-SLT-SSLW-GT; short-to-long requested, not verified",1148,11.48,provisional,13
2082,20.81,GT,sir_21,"QS-GI-SSSW-SLT-SSLW-GT; short-to-long requested, not verified",1594,15.94,provisional,13
319,3.19,QS,sir_21,"QS-GI-SSSW-SLT-SSLW-GT; short-to-long requested, not verified",0,0.0,provisional,14
359,3.59,GI,sir_21,"QS-GI-SSSW-SLT-SSLW-GT; short-to-long requested, not verified",319,3.19,provisional,14
582,5.82,SSSW,sir_21,"QS-GI-SSSW-SLT-SSLW-GT; short-to-long requested, not verified",359,3.59,provisional,14
697,6.97,SLT,sir_21,"QS-GI-SSSW-SLT-SSLW-GT; short-to-long requested, not verified",582,5.82,provisional,14
1592,15.92,SSLW,sir_21,"QS-GI-SSSW-SLT-SSLW-GT; short-to-long requested, not verified",697,6.97,provisional,14
2203,22.02,GT,sir_21,"QS-GI-SSSW-SLT-SSLW-GT; short-to-long requested, not verified",1592,15.92,provisional,14
208,2.08,QS,sir_21,"QS-GI-SSSW-SLT-SSLW-GT; short-to-long requested, not verified",0,0.0,provisional,15
309,3.09,GI,sir_21,"QS-GI-SSSW-SLT-SSLW-GT; short-to-long requested, not verified",208,2.08,provisional,15
829,8.29,SSSW,sir_21,"QS-GI-SSSW-SLT-SSLW-GT; short-to-long requested, not verified",309,3.09,provisional,15
909,9.09,SLT,sir_21,"QS-GI-SSSW-SLT-SSLW-GT; short-to-long requested, not verified",829,8.29,provisional,15
1579,15.79,SSLW,sir_21,"QS-GI-SSSW-SLT-SSLW-GT; short-to-long requested, not verified",909,9.09,provisional,15
2040,20.39,GT,sir_21,"QS-GI-SSSW-SLT-SSLW-GT; short-to-long requested, not verified",1579,15.79,provisional,15
369,3.69,QS,sir_21,"QS-GI-SSSW-SLT-SSLW-GT; short-to-long requested, not verified",0,0.0,provisional,16
407,4.07,GI,sir_21,"QS-GI-SSSW-SLT-SSLW-GT; short-to-long requested, not verified",369,3.69,provisional,16
638,6.38,SSSW,sir_21,"QS-GI-SSSW-SLT-SSLW-GT; short-to-long requested, not verified",407,4.07,provisional,16
765,7.65,SLT,sir_21,"QS-GI-SSSW-SLT-SSLW-GT; short-to-long requested, not verified",638,6.38,provisional,16
1660,16.6,SSLW,sir_21,"QS-GI-SSSW-SLT-SSLW-GT; short-to-long requested, not verified",765,7.65,provisional,16
2170,21.69,GT,sir_21,"QS-GI-SSSW-SLT-SSLW-GT; short-to-long requested, not verified",1660,16.6,provisional,16
281,2.81,QS,sir_21,"QS-GI-SSSW-SLT-SSLW-GT; short-to-long requested, not verified",0,0.0,provisional,17
353,3.53,GI,sir_21,"QS-GI-SSSW-SLT-SSLW-GT; short-to-long requested, not verified",281,2.81,provisional,17
935,9.35,SSSW,sir_21,"QS-GI-SSSW-SLT-SSLW-GT; short-to-long requested, not verified",353,3.53,provisional,17
1041,10.41,SLT,sir_21,"QS-GI-SSSW-SLT-SSLW-GT; short-to-long requested, not verified",935,9.35,provisional,17
1619,16.19,SSLW,sir_21,"QS-GI-SSSW-SLT-SSLW-GT; short-to-long requested, not verified",1041,10.41,provisional,17
2075,20.74,GT,sir_21,"QS-GI-SSSW-SLT-SSLW-GT; short-to-long requested, not verified",1619,16.19,provisional,17
277,2.77,QS,sir_21,"QS-GI-SSSW-SLT-SSLW-GT; short-to-long requested, not verified",0,0.0,provisional,19
420,4.2,GI,sir_21,"QS-GI-SSSW-SLT-SSLW-GT; short-to-long requested, not verified",277,2.77,provisional,19
616,6.16,SSSW,sir_21,"QS-GI-SSSW-SLT-SSLW-GT; short-to-long requested, not verified",420,4.2,provisional,19
728,7.28,SLT,sir_21,"QS-GI-SSSW-SLT-SSLW-GT; short-to-long requested, not verified",616,6.16,provisional,19
1627,16.27,SSLW,sir_21,"QS-GI-SSSW-SLT-SSLW-GT; short-to-long requested, not verified",728,7.28,provisional,19
2000,19.99,GT,sir_21,"QS-GI-SSSW-SLT-SSLW-GT; short-to-long requested, not verified",1627,16.27,provisional,19
205,2.05,QS,sir_21,"QS-GI-SSSW-SLT-SSLW-GT; short-to-long requested, not verified",0,0.0,provisional,20
257,2.57,GI,sir_21,"QS-GI-SSSW-SLT-SSLW-GT; short-to-long requested, not verified",205,2.05,provisional,20
696,6.96,SSSW,sir_21,"QS-GI-SSSW-SLT-SSLW-GT; short-to-long requested, not verified",257,2.57,provisional,20
812,8.12,SLT,sir_21,"QS-GI-SSSW-SLT-SSLW-GT; short-to-long requested, not verified",696,6.96,provisional,20
1474,14.74,SSLW,sir_21,"QS-GI-SSSW-SLT-SSLW-GT; short-to-long requested, not verified",812,8.12,provisional,20
2051,20.5,GT,sir_21,"QS-GI-SSSW-SLT-SSLW-GT; short-to-long requested, not verified",1474,14.74,provisional,20
